lat,lon,name
29.1443647500001,79.1841223200001,EPole: Bajpur2_EPOLE
29.1460239,79.1871709600001,EPole: Bajpur2_EPOLE
29.14667941,79.18586851,EPole: Bajpur2_EPOLE
29.14528404,79.1848852400001,EPole: Bajpur2_EPOLE
29.1452834300001,79.1848888900001,EPole: Bajpur2_EPOLE
29.1449604100001,79.1845316100001,EPole: Bajpur2_EPOLE
29.14481512,79.1845336700001,EPole: Bajpur2_EPOLE
29.1447235100001,79.1843533700001,EPole: Bajpur2_EPOLE
29.14458238,79.18436927,EPole: Bajpur2_EPOLE
29.14459521,79.1843503900001,EPole: Bajpur2_EPOLE
29.14448687,79.1841393500001,EPole: Bajpur2_EPOLE
29.14449532,79.18410314,EPole: Bajpur2_EPOLE
29.1444374800001,79.1839956000001,EPole: Bajpur2_EPOLE
29.14445027,79.1840562100001,EPole: Bajpur2_EPOLE
29.1443400900001,79.18437572,EPole: Bajpur2_EPOLE
29.14419374,79.1844131500001,EPole: Bajpur2_EPOLE
29.14418067,79.18462772,EPole: Bajpur2_EPOLE
29.1445679,79.18375102,EPole: Bajpur2_EPOLE
29.1446236400001,79.1838643500001,EPole: Bajpur2_EPOLE
29.1447560300001,79.1836189100001,EPole: Bajpur2_EPOLE
29.14378516,79.18505286,EPole: Bajpur2_EPOLE
29.14388632,79.1851251300001,EPole: Bajpur2_EPOLE
29.14373089,79.1854053900001,EPole: Bajpur2_EPOLE
29.14357133,79.1856251300001,EPole: Bajpur2_EPOLE
29.14357683,79.18570594,EPole: Bajpur2_EPOLE
29.1452362800001,79.1847498000001,EPole: Bajpur2_EPOLE
29.14551017,79.1849589600001,EPole: Bajpur2_EPOLE
29.1455149,79.1850677100001,EPole: Bajpur2_EPOLE
29.14577014,79.1851568600001,EPole: Bajpur2_EPOLE
29.1457471000001,79.1852545200001,EPole: Bajpur2_EPOLE
29.1457676100001,79.18527714,EPole: Bajpur2_EPOLE
29.14596598,79.18531934,EPole: Bajpur2_EPOLE
29.14598541,79.18543213,EPole: Bajpur2_EPOLE
29.14621872,79.1855163800001,EPole: Bajpur2_EPOLE
29.1464307200001,79.1857832200001,EPole: Bajpur2_EPOLE
29.14657721,79.18592455,EPole: Bajpur2_EPOLE
29.14665252,79.1859558400001,EPole: Bajpur2_EPOLE
29.1466704000001,79.1861317400001,EPole: Bajpur2_EPOLE
29.1466203700001,79.18637434,EPole: Bajpur2_EPOLE
29.14642637,79.18651643,EPole: Bajpur2_EPOLE
29.1464740500001,79.18659167,EPole: Bajpur2_EPOLE
29.14631604,79.1868134600001,EPole: Bajpur2_EPOLE
29.14612192,79.1869479200001,EPole: Bajpur2_EPOLE
29.14617987,79.1870395600001,EPole: Bajpur2_EPOLE
29.14604137,79.1872687900001,EPole: Bajpur2_EPOLE
29.1460588200001,79.1872841000001,EPole: Bajpur2_EPOLE
29.1459055,79.18750744,EPole: Bajpur2_EPOLE
29.1455963600001,79.1879337600001,EPole: Bajpur2_EPOLE
29.1454505500001,79.1881591700001,EPole: Bajpur2_EPOLE
29.14534193,79.1881121900001,EPole: Bajpur2_EPOLE
29.1453063000001,79.1883753700001,EPole: Bajpur2_EPOLE
29.14502471,79.1885291500001,EPole: Bajpur2_EPOLE
29.14492325,79.1830552600001,EPole: Bajpur2_EPOLE
29.1448857,79.1833701800001,EPole: Bajpur2_EPOLE
29.35606003,79.55038204,EPole: IIE_Bhimtal_EPole
29.35646167,79.55013791,EPole: IIE_Bhimtal_EPole
29.35676963,79.5499540700001,EPole: IIE_Bhimtal_EPole
29.35724499,79.549673,EPole: IIE_Bhimtal_EPole
29.35753499,79.54948942,EPole: IIE_Bhimtal_EPole
29.3577124600001,79.5493888400001,EPole: IIE_Bhimtal_EPole
29.3577347500001,79.5498378500001,EPole: IIE_Bhimtal_EPole
29.35775305,79.55017859,EPole: IIE_Bhimtal_EPole
29.3574974100001,79.5503193800001,EPole: IIE_Bhimtal_EPole
29.3571536000001,79.5505114100001,EPole: IIE_Bhimtal_EPole
29.3567182400001,79.5507534500001,EPole: IIE_Bhimtal_EPole
29.35630079,79.55099011,EPole: IIE_Bhimtal_EPole
29.2358006200001,79.0149147700001,EPole: IIE_Kashipur_Epole
29.23547589,79.0148964200001,EPole: IIE_Kashipur_Epole
29.23502682,79.0148713500001,EPole: IIE_Kashipur_Epole
29.23458937,79.0148532000001,EPole: IIE_Kashipur_Epole
29.23414784,79.0148309900001,EPole: IIE_Kashipur_Epole
29.23370019,79.0148051,EPole: IIE_Kashipur_Epole
29.2332594700001,79.0147824700001,EPole: IIE_Kashipur_Epole
29.2328077500001,79.0147612700001,EPole: IIE_Kashipur_Epole
29.23237519,79.01474354,EPole: IIE_Kashipur_Epole
29.2319301900001,79.0147217200001,EPole: IIE_Kashipur_Epole
29.2314905000001,79.01469726,EPole: IIE_Kashipur_Epole
29.23104571,79.0146748400001,EPole: IIE_Kashipur_Epole
29.2305996900001,79.0146524200001,EPole: IIE_Kashipur_Epole
29.23016054,79.0146217000001,EPole: IIE_Kashipur_Epole
29.22971541,79.0146018600001,EPole: IIE_Kashipur_Epole
29.2292775500001,79.0145863700001,EPole: IIE_Kashipur_Epole
29.2391396200001,79.0191910500001,EPole: IIE_Kashipur_Epole
29.23854276,79.0191975700001,EPole: IIE_Kashipur_Epole
29.2377918500001,79.01916407,EPole: IIE_Kashipur_Epole
29.2371382600001,79.0191368200001,EPole: IIE_Kashipur_Epole
29.23530013,79.01647898,EPole: IIE_Kashipur_Epole
29.2346241700001,79.0167929,EPole: IIE_Kashipur_Epole
29.23401671,79.0164100000001,EPole: IIE_Kashipur_Epole
29.2327345200001,79.0168397,EPole: IIE_Kashipur_Epole
29.2323526100001,79.0173025000001,EPole: IIE_Kashipur_Epole
29.23097176,79.0173604,EPole: IIE_Kashipur_Epole
29.2302570800001,79.0173911900001,EPole: IIE_Kashipur_Epole
29.23019579,79.0171962800001,EPole: IIE_Kashipur_Epole
29.22999636,79.0174959700001,EPole: IIE_Kashipur_Epole
29.2297338000001,79.01756629,EPole: IIE_Kashipur_Epole
29.22906218,79.0176599100001,EPole: IIE_Kashipur_Epole
29.2287295100001,79.01770557,EPole: IIE_Kashipur_Epole
29.23263897,79.0185003700001,EPole: IIE_Kashipur_Epole
29.2324779300001,79.01910294,EPole: IIE_Kashipur_Epole
29.23207115,79.0195753500001,EPole: IIE_Kashipur_Epole
29.2323175700001,79.0197230300001,EPole: IIE_Kashipur_Epole
29.23262592,79.0199733600001,EPole: IIE_Kashipur_Epole
29.2329011100001,79.0201878,EPole: IIE_Kashipur_Epole
29.2331555100001,79.0203957300001,EPole: IIE_Kashipur_Epole
29.23340991,79.0205995700001,EPole: IIE_Kashipur_Epole
29.2336476,79.0207911900001,EPole: IIE_Kashipur_Epole
29.23391178,79.02101786,EPole: IIE_Kashipur_Epole
29.2328073400001,79.0242084600001,EPole: IIE_Kashipur_Epole
29.2320115300001,79.02401603,EPole: IIE_Kashipur_Epole
29.2312287600001,79.02382034,EPole: IIE_Kashipur_Epole
29.2309715100001,79.0231366400001,EPole: IIE_Kashipur_Epole
29.2295490700001,79.0226217300001,EPole: IIE_Kashipur_Epole
29.2290557600001,79.0230367600001,EPole: IIE_Kashipur_Epole
29.2288992100001,79.0237282000001,EPole: IIE_Kashipur_Epole
29.2284271,79.0231529500001,EPole: IIE_Kashipur_Epole
29.22865663,79.0273379100001,EPole: IIE_Kashipur_Epole
29.2281937000001,79.02702062,EPole: IIE_Kashipur_Epole
29.2243829,79.0268128000001,EPole: IIE_Kashipur_Epole
29.2241357300001,79.0277818800001,EPole: IIE_Kashipur_Epole
29.2239378,79.0285918700001,EPole: IIE_Kashipur_Epole
29.2242445900001,79.0320107700001,EPole: IIE_Kashipur_Epole
30.3662107440001,78.0891796550001,EPole: ITpark_EPole
30.366079277,78.0890782420001,EPole: ITpark_EPole
30.359967554,78.0844722690001,EPole: ITpark_EPole
30.359513604,78.0855362030001,EPole: ITpark_EPole
30.357613429,78.0845328830001,EPole: ITpark_EPole
30.3576097600001,78.084497749,EPole: ITpark_EPole
30.359965468,78.0844717310001,EPole: ITpark_EPole
30.359778857,78.0844084970001,EPole: ITpark_EPole
30.359248141,78.084424508,EPole: ITpark_EPole
30.359244118,78.0844058480001,EPole: ITpark_EPole
30.359023354,78.0844404410001,EPole: ITpark_EPole
30.357460943,78.085917984,EPole: ITpark_EPole
30.35767973,78.0859644870001,EPole: ITpark_EPole
30.3578979320001,78.0860090360001,EPole: ITpark_EPole
30.358741869,78.0844692050001,EPole: ITpark_EPole
30.359965468,78.0844717310001,EPole: ITpark_EPole
30.359778857,78.0844084970001,EPole: ITpark_EPole
30.359248141,78.084424508,EPole: ITpark_EPole
30.359244118,78.0844058480001,EPole: ITpark_EPole
30.359023354,78.0844404410001,EPole: ITpark_EPole
30.360525287,78.084753704,EPole: ITpark_EPole
30.359778857,78.0844084970001,EPole: ITpark_EPole
30.359513604,78.0855362030001,EPole: ITpark_EPole
30.35714928,78.084541943,EPole: ITpark_EPole
30.3588134070001,78.0844264360001,EPole: ITpark_EPole
30.3588132720001,78.0844002000001,EPole: ITpark_EPole
30.357143066,78.085366439,EPole: ITpark_EPole
30.3571622160001,78.085368015,EPole: ITpark_EPole
30.356942127,78.0845521210001,EPole: ITpark_EPole
30.357613429,78.0845328830001,EPole: ITpark_EPole
30.3576097600001,78.084497749,EPole: ITpark_EPole
30.358063283,78.0845014380001,EPole: ITpark_EPole
30.3582843090001,78.0844826150001,EPole: ITpark_EPole
30.358538884,78.0844722290001,EPole: ITpark_EPole
30.358741869,78.0844692050001,EPole: ITpark_EPole
30.356285502,78.0845825850001,EPole: ITpark_EPole
30.35628675,78.0846102450001,EPole: ITpark_EPole
30.356260616,78.0846108490001,EPole: ITpark_EPole
30.3562589320001,78.0845838880001,EPole: ITpark_EPole
30.3562946330001,78.0850806010001,EPole: ITpark_EPole
30.358351745,78.0861145950001,EPole: ITpark_EPole
30.359778857,78.0844084970001,EPole: ITpark_EPole
30.359248141,78.084424508,EPole: ITpark_EPole
30.359244118,78.0844058480001,EPole: ITpark_EPole
30.359023354,78.0844404410001,EPole: ITpark_EPole
30.362499945,78.084925083,EPole: ITpark_EPole
30.362510629,78.0849391730001,EPole: ITpark_EPole
30.3623508810001,78.0848231730001,EPole: ITpark_EPole
30.360781667,78.0846948990001,EPole: ITpark_EPole
30.360982704,78.0846854160001,EPole: ITpark_EPole
30.361126187,78.0845898300001,EPole: ITpark_EPole
30.3612897630001,78.084590549,EPole: ITpark_EPole
30.361491926,78.0846193630001,EPole: ITpark_EPole
30.3616859570001,78.0846676290001,EPole: ITpark_EPole
30.361946307,78.0847140110001,EPole: ITpark_EPole
30.362156924,78.0847539810001,EPole: ITpark_EPole
30.3623529180001,78.0848053610001,EPole: ITpark_EPole
30.362579585,78.0848090090001,EPole: ITpark_EPole
30.362802677,78.0848019580001,EPole: ITpark_EPole
30.3630170380001,78.0847996260001,EPole: ITpark_EPole
30.36324969,78.0847927190001,EPole: ITpark_EPole
30.3635836810001,78.0847854630001,EPole: ITpark_EPole
30.363609071,78.0846626800001,EPole: ITpark_EPole
30.363855958,78.0846996860001,EPole: ITpark_EPole
30.364168417,78.0847457230001,EPole: ITpark_EPole
30.364449575,78.0847709930001,EPole: ITpark_EPole
30.3646657730001,78.084762088,EPole: ITpark_EPole
30.364896398,78.0848218740001,EPole: ITpark_EPole
30.365427482,78.0850728130001,EPole: ITpark_EPole
30.3657302990001,78.0852403120001,EPole: ITpark_EPole
30.3659932360001,78.0852692970001,EPole: ITpark_EPole
30.3663846920001,78.0855744670001,EPole: ITpark_EPole
30.3664585490001,78.0858376100001,EPole: ITpark_EPole
30.3666128030001,78.086596451,EPole: ITpark_EPole
30.3665612120001,78.086373467,EPole: ITpark_EPole
30.3665160200001,78.086138201,EPole: ITpark_EPole
30.366676569,78.0869085190001,EPole: ITpark_EPole
30.366731616,78.0872016370001,EPole: ITpark_EPole
30.366775956,78.0874796360001,EPole: ITpark_EPole
30.3668373620001,78.0877627900001,EPole: ITpark_EPole
30.3667347270001,78.088080996,EPole: ITpark_EPole
30.3664755840001,78.0886104320001,EPole: ITpark_EPole
30.366339709,78.088901836,EPole: ITpark_EPole
30.3660670460001,78.0890675420001,EPole: ITpark_EPole
30.365924552,78.088956851,EPole: ITpark_EPole
30.36575881,78.0888266100001,EPole: ITpark_EPole
30.3655943410001,78.0886968470001,EPole: ITpark_EPole
30.365400799,78.088561257,EPole: ITpark_EPole
30.3651856910001,78.0884734740001,EPole: ITpark_EPole
30.364974988,78.0883931930001,EPole: ITpark_EPole
30.364797905,78.0882193830001,EPole: ITpark_EPole
30.364616729,78.088141057,EPole: ITpark_EPole
30.364533533,78.0883444510001,EPole: ITpark_EPole
30.364436663,78.088702954,EPole: ITpark_EPole
30.364293128,78.0884363920001,EPole: ITpark_EPole
30.3641842230001,78.0882308050001,EPole: ITpark_EPole
30.3641130520001,78.0879908260001,EPole: ITpark_EPole
30.3639286750001,78.0879104520001,EPole: ITpark_EPole
30.363939966,78.087790059,EPole: ITpark_EPole
30.3639252890001,78.087782862,EPole: ITpark_EPole
30.3637515730001,78.0878651930001,EPole: ITpark_EPole
30.36360338,78.0879599740001,EPole: ITpark_EPole
30.363459775,78.0879854990001,EPole: ITpark_EPole
30.3632948330001,78.0879639780001,EPole: ITpark_EPole
30.363129483,78.0879200860001,EPole: ITpark_EPole
30.362992569,78.0877806780001,EPole: ITpark_EPole
30.362678923,78.087434697,EPole: ITpark_EPole
30.3625259900001,78.08727244,EPole: ITpark_EPole
30.3623695360001,78.0871099440001,EPole: ITpark_EPole
30.362214722,78.0869482590001,EPole: ITpark_EPole
30.36205899,78.0867817980001,EPole: ITpark_EPole
30.3619024130001,78.0866138200001,EPole: ITpark_EPole
30.361815214,78.0864638510001,EPole: ITpark_EPole
30.3618054720001,78.0864798330001,EPole: ITpark_EPole
30.36177652,78.0864632830001,EPole: ITpark_EPole
30.361652775,78.086336266,EPole: ITpark_EPole
30.3614622220001,78.0862296670001,EPole: ITpark_EPole
30.3612560610001,78.086159034,EPole: ITpark_EPole
30.361017808,78.0860927840001,EPole: ITpark_EPole
30.360604709,78.0859045500001,EPole: ITpark_EPole
30.356970469,78.0856200630001,EPole: ITpark_EPole
30.3567435080001,78.085623452,EPole: ITpark_EPole
30.3565086580001,78.085628876,EPole: ITpark_EPole
30.356098123,78.0855758010001,EPole: ITpark_EPole
30.356173971,78.0857059470001,EPole: ITpark_EPole
30.356335862,78.0856675300001,EPole: ITpark_EPole
30.356335771,78.0856513270001,EPole: ITpark_EPole
30.3563561760001,78.0856646980001,EPole: ITpark_EPole
30.3563515010001,78.085649145,EPole: ITpark_EPole
30.3565345750001,78.0857720800001,EPole: ITpark_EPole
30.3565388110001,78.085747773,EPole: ITpark_EPole
30.356571602,78.085774755,EPole: ITpark_EPole
30.356575929,78.085750445,EPole: ITpark_EPole
30.35702946,78.0858312290001,EPole: ITpark_EPole
30.3572310330001,78.0858659800001,EPole: ITpark_EPole
30.357460943,78.085917984,EPole: ITpark_EPole
30.35767973,78.0859644870001,EPole: ITpark_EPole
30.3578979320001,78.0860090360001,EPole: ITpark_EPole
30.3585591900001,78.0861579190001,EPole: ITpark_EPole
30.358770658,78.0861956370001,EPole: ITpark_EPole
30.3589601090001,78.0862406960001,EPole: ITpark_EPole
30.359108045,78.086271894,EPole: ITpark_EPole
30.362372952,78.0871135310001,EPole: ITpark_EPole
30.356327198,78.0856105930001,EPole: ITpark_EPole
30.356347514,78.0856078460001,EPole: ITpark_EPole
30.3563428370001,78.085592207,EPole: ITpark_EPole
30.356327107,78.0855943890001,EPole: ITpark_EPole
29.0307273853373,79.3981757975566,EPole: Pantnagar_ELectrical_pole
29.030907442161,79.3924422361514,EPole: Pantnagar_ELectrical_pole
29.0349987525171,79.4045180485805,EPole: Pantnagar_ELectrical_pole
29.0310385764276,79.3981467776734,EPole: Pantnagar_ELectrical_pole
29.0310399594514,79.3981644519798,EPole: Pantnagar_ELectrical_pole
29.031057082226,79.3981628332479,EPole: Pantnagar_ELectrical_pole
29.0310555056284,79.398144061211,EPole: Pantnagar_ELectrical_pole
29.0310296745211,79.3977409355888,EPole: Pantnagar_ELectrical_pole
29.031014193822,79.3973357035143,EPole: Pantnagar_ELectrical_pole
29.030998213098,79.3969341192908,EPole: Pantnagar_ELectrical_pole
29.0309807890445,79.3965174863651,EPole: Pantnagar_ELectrical_pole
29.030963356131,79.3961153324789,EPole: Pantnagar_ELectrical_pole
29.0309379812406,79.395675286886,EPole: Pantnagar_ELectrical_pole
29.0309536775701,79.3956751283344,EPole: Pantnagar_ELectrical_pole
29.0309259509639,79.3952498506189,EPole: Pantnagar_ELectrical_pole
29.0309077561218,79.3947993639037,EPole: Pantnagar_ELectrical_pole
29.0308904994567,79.3943519956003,EPole: Pantnagar_ELectrical_pole
29.0308746394197,79.3939612484757,EPole: Pantnagar_ELectrical_pole
29.0308599502575,79.3935628636082,EPole: Pantnagar_ELectrical_pole
29.0308383689262,79.393191763611,EPole: Pantnagar_ELectrical_pole
29.0308547818624,79.393191086353,EPole: Pantnagar_ELectrical_pole
29.0308768293347,79.3928168544878,EPole: Pantnagar_ELectrical_pole
29.0368382559275,79.4035811342168,EPole: Pantnagar_ELectrical_pole
29.0362684746707,79.4038444277172,EPole: Pantnagar_ELectrical_pole
29.0357242958077,79.404083192569,EPole: Pantnagar_ELectrical_pole
29.0355488417028,79.4047386220698,EPole: Pantnagar_ELectrical_pole
29.0357343374046,79.4049815699522,EPole: Pantnagar_ELectrical_pole
29.0351757587901,79.4044033067622,EPole: Pantnagar_ELectrical_pole
29.0352198277781,79.4043155864083,EPole: Pantnagar_ELectrical_pole
29.0352303094638,79.4043017087422,EPole: Pantnagar_ELectrical_pole
29.0349128442959,79.4036056052243,EPole: Pantnagar_ELectrical_pole
29.0347296358576,79.4030468057285,EPole: Pantnagar_ELectrical_pole
29.0345616389161,79.4025382372502,EPole: Pantnagar_ELectrical_pole
29.0343514670342,79.4018975583424,EPole: Pantnagar_ELectrical_pole
29.0341679286303,79.4013343671737,EPole: Pantnagar_ELectrical_pole
29.0336203454539,79.3996732933827,EPole: Pantnagar_ELectrical_pole
29.0334347338563,79.3991109895037,EPole: Pantnagar_ELectrical_pole
29.0332499694016,79.3986124302781,EPole: Pantnagar_ELectrical_pole
29.0331436010545,79.3982268813188,EPole: Pantnagar_ELectrical_pole
29.0330960063584,79.3980791911457,EPole: Pantnagar_ELectrical_pole
29.032961478178,79.3976625810415,EPole: Pantnagar_ELectrical_pole
29.0328369357833,79.3972890842626,EPole: Pantnagar_ELectrical_pole
29.0326535177697,79.396722521767,EPole: Pantnagar_ELectrical_pole
29.032465228413,79.3961485851646,EPole: Pantnagar_ELectrical_pole
29.0323098073733,79.3956753221623,EPole: Pantnagar_ELectrical_pole
29.0318031666041,79.3941240832298,EPole: Pantnagar_ELectrical_pole
29.0316507272712,79.393651795812,EPole: Pantnagar_ELectrical_pole
29.0314937851619,79.3931803414559,EPole: Pantnagar_ELectrical_pole
29.0313674372401,79.3928077297479,EPole: Pantnagar_ELectrical_pole
29.0312234561729,79.3923791725003,EPole: Pantnagar_ELectrical_pole
29.0312056517515,79.3922861452241,EPole: Pantnagar_ELectrical_pole
29.0310733312129,79.3919725566034,EPole: Pantnagar_ELectrical_pole
29.0308984700389,79.3915271238353,EPole: Pantnagar_ELectrical_pole
29.0307273853373,79.3981757975566,EPole: Pantnagar_ELectrical_pole
29.030907442161,79.3924422361514,EPole: Pantnagar_ELectrical_pole
29.0349987525171,79.4045180485805,EPole: Pantnagar_ELectrical_pole
29.0310385764276,79.3981467776734,EPole: Pantnagar_ELectrical_pole
29.0310399594514,79.3981644519798,EPole: Pantnagar_ELectrical_pole
29.031057082226,79.3981628332479,EPole: Pantnagar_ELectrical_pole
29.0310555056284,79.398144061211,EPole: Pantnagar_ELectrical_pole
29.0310296745211,79.3977409355888,EPole: Pantnagar_ELectrical_pole
29.031014193822,79.3973357035143,EPole: Pantnagar_ELectrical_pole
29.030998213098,79.3969341192908,EPole: Pantnagar_ELectrical_pole
29.0309807890445,79.3965174863651,EPole: Pantnagar_ELectrical_pole
29.030963356131,79.3961153324789,EPole: Pantnagar_ELectrical_pole
29.0309379812406,79.395675286886,EPole: Pantnagar_ELectrical_pole
29.0309536775701,79.3956751283344,EPole: Pantnagar_ELectrical_pole
29.0309259509639,79.3952498506189,EPole: Pantnagar_ELectrical_pole
29.0309077561218,79.3947993639037,EPole: Pantnagar_ELectrical_pole
29.0308904994567,79.3943519956003,EPole: Pantnagar_ELectrical_pole
29.0308746394197,79.3939612484757,EPole: Pantnagar_ELectrical_pole
29.0308599502575,79.3935628636082,EPole: Pantnagar_ELectrical_pole
29.0308383689262,79.393191763611,EPole: Pantnagar_ELectrical_pole
29.0308547818624,79.393191086353,EPole: Pantnagar_ELectrical_pole
29.0308768293347,79.3928168544878,EPole: Pantnagar_ELectrical_pole
29.0368382559275,79.4035811342168,EPole: Pantnagar_ELectrical_pole
29.0362684746707,79.4038444277172,EPole: Pantnagar_ELectrical_pole
29.0357242958077,79.404083192569,EPole: Pantnagar_ELectrical_pole
29.0355488417028,79.4047386220698,EPole: Pantnagar_ELectrical_pole
29.0357343374046,79.4049815699522,EPole: Pantnagar_ELectrical_pole
29.0351757587901,79.4044033067622,EPole: Pantnagar_ELectrical_pole
29.0352198277781,79.4043155864083,EPole: Pantnagar_ELectrical_pole
29.0352303094638,79.4043017087422,EPole: Pantnagar_ELectrical_pole
29.0349128442959,79.4036056052243,EPole: Pantnagar_ELectrical_pole
29.0347296358576,79.4030468057285,EPole: Pantnagar_ELectrical_pole
29.0345616389161,79.4025382372502,EPole: Pantnagar_ELectrical_pole
29.0343514670342,79.4018975583424,EPole: Pantnagar_ELectrical_pole
29.0341679286303,79.4013343671737,EPole: Pantnagar_ELectrical_pole
29.0336203454539,79.3996732933827,EPole: Pantnagar_ELectrical_pole
29.0334347338563,79.3991109895037,EPole: Pantnagar_ELectrical_pole
29.0332499694016,79.3986124302781,EPole: Pantnagar_ELectrical_pole
29.0331436010545,79.3982268813188,EPole: Pantnagar_ELectrical_pole
29.0330960063584,79.3980791911457,EPole: Pantnagar_ELectrical_pole
29.032961478178,79.3976625810415,EPole: Pantnagar_ELectrical_pole
29.0328369357833,79.3972890842626,EPole: Pantnagar_ELectrical_pole
29.0326535177697,79.396722521767,EPole: Pantnagar_ELectrical_pole
29.032465228413,79.3961485851646,EPole: Pantnagar_ELectrical_pole
29.0323098073733,79.3956753221623,EPole: Pantnagar_ELectrical_pole
29.0318031666041,79.3941240832298,EPole: Pantnagar_ELectrical_pole
29.0316507272712,79.393651795812,EPole: Pantnagar_ELectrical_pole
29.0314937851619,79.3931803414559,EPole: Pantnagar_ELectrical_pole
29.0313674372401,79.3928077297479,EPole: Pantnagar_ELectrical_pole
29.0312234561729,79.3923791725003,EPole: Pantnagar_ELectrical_pole
29.0312056517515,79.3922861452241,EPole: Pantnagar_ELectrical_pole
29.0310733312129,79.3919725566034,EPole: Pantnagar_ELectrical_pole
29.0308984700389,79.3915271238353,EPole: Pantnagar_ELectrical_pole
29.0324402925242,79.3899174639663,EPole: Pantnagar_ELectrical_pole
29.0319629301201,79.3901659227153,EPole: Pantnagar_ELectrical_pole
29.030415054369,79.3981924744207,EPole: Pantnagar_ELectrical_pole
29.0320328081067,79.3901321563963,EPole: Pantnagar_ELectrical_pole
29.031736989982,79.3908038452855,EPole: Pantnagar_ELectrical_pole
29.0312093863444,79.3905715746015,EPole: Pantnagar_ELectrical_pole
29.0307792902693,79.3884641987026,EPole: Pantnagar_ELectrical_pole
29.0299246558811,79.3883771447001,EPole: Pantnagar_ELectrical_pole
29.0293969587282,79.3883253995969,EPole: Pantnagar_ELectrical_pole
29.0303091703362,79.3909797478587,EPole: Pantnagar_ELectrical_pole
29.0301973242926,79.3911027255321,EPole: Pantnagar_ELectrical_pole
29.0301833564795,79.3910890560185,EPole: Pantnagar_ELectrical_pole
29.0298365360075,79.3917438253178,EPole: Pantnagar_ELectrical_pole
29.0301194715487,79.4016672687982,EPole: Pantnagar_ELectrical_pole
29.0300988707251,79.4016647071043,EPole: Pantnagar_ELectrical_pole
29.0300996743632,79.4016412420522,EPole: Pantnagar_ELectrical_pole
29.0301217117222,79.4016431891566,EPole: Pantnagar_ELectrical_pole
29.029126376352,79.4016504803744,EPole: Pantnagar_ELectrical_pole
29.0291308883587,79.4016278054943,EPole: Pantnagar_ELectrical_pole
29.0291492126212,79.4016513134402,EPole: Pantnagar_ELectrical_pole
29.0291515450407,79.4016274020207,EPole: Pantnagar_ELectrical_pole
29.0295976715225,79.4016482987378,EPole: Pantnagar_ELectrical_pole
29.0300964605559,79.4013560501906,EPole: Pantnagar_ELectrical_pole
29.0300791766572,79.4010030870457,EPole: Pantnagar_ELectrical_pole
29.0300615698869,79.4005852745962,EPole: Pantnagar_ELectrical_pole
29.0300418310446,79.4001778246053,EPole: Pantnagar_ELectrical_pole
29.0300268741045,79.3998690227027,EPole: Pantnagar_ELectrical_pole
29.0300168182238,79.3994869083021,EPole: Pantnagar_ELectrical_pole
29.0300350848566,79.3994299000667,EPole: Pantnagar_ELectrical_pole
29.0300168349832,79.3994278108037,EPole: Pantnagar_ELectrical_pole
29.0300243258315,79.3991630277688,EPole: Pantnagar_ELectrical_pole
29.0300084309131,79.399108748056,EPole: Pantnagar_ELectrical_pole
29.0299975913438,79.398744341456,EPole: Pantnagar_ELectrical_pole
29.030026429532,79.3986053819336,EPole: Pantnagar_ELectrical_pole
29.0299826543298,79.3984374864692,EPole: Pantnagar_ELectrical_pole
29.0300073509772,79.3984354120452,EPole: Pantnagar_ELectrical_pole
29.0299334346942,79.3981912746331,EPole: Pantnagar_ELectrical_pole
29.0299347148761,79.3982153841248,EPole: Pantnagar_ELectrical_pole
29.0299577996093,79.3982143510471,EPole: Pantnagar_ELectrical_pole
29.0299537083456,79.3981890990267,EPole: Pantnagar_ELectrical_pole
29.0300260701373,79.398219646532,EPole: Pantnagar_ELectrical_pole
29.0300263223758,79.398202963658,EPole: Pantnagar_ELectrical_pole
29.0299888957942,79.398121075903,EPole: Pantnagar_ELectrical_pole
29.0299227010023,79.3976998668869,EPole: Pantnagar_ELectrical_pole
29.0299798486982,79.3977634997298,EPole: Pantnagar_ELectrical_pole
29.0299681923985,79.3973536404272,EPole: Pantnagar_ELectrical_pole
29.0298961479494,79.3971984595644,EPole: Pantnagar_ELectrical_pole
29.0299586485026,79.3969470507331,EPole: Pantnagar_ELectrical_pole
29.0298726448671,79.3966881997971,EPole: Pantnagar_ELectrical_pole
29.0299386324133,79.3966382427717,EPole: Pantnagar_ELectrical_pole
29.0299598325192,79.3966380845348,EPole: Pantnagar_ELectrical_pole
29.0299233304494,79.3963390137793,EPole: Pantnagar_ELectrical_pole
29.029846998487,79.396187540958,EPole: Pantnagar_ELectrical_pole
29.0298892215077,79.3959381383903,EPole: Pantnagar_ELectrical_pole
29.0298174960261,79.395681438549,EPole: Pantnagar_ELectrical_pole
29.0298384081568,79.3956797608367,EPole: Pantnagar_ELectrical_pole
29.0298626239762,79.3956224054414,EPole: Pantnagar_ELectrical_pole
29.0297963236967,79.3952534396562,EPole: Pantnagar_ELectrical_pole
29.029834533801,79.3952950973163,EPole: Pantnagar_ELectrical_pole
29.0297971638595,79.3949990894188,EPole: Pantnagar_ELectrical_pole
29.0298182534852,79.3949972383789,EPole: Pantnagar_ELectrical_pole
29.0297717745409,79.3948902621657,EPole: Pantnagar_ELectrical_pole
29.0297713326763,79.3946344081153,EPole: Pantnagar_ELectrical_pole
29.0297506891092,79.3946358282672,EPole: Pantnagar_ELectrical_pole
29.0297959107828,79.3947130216585,EPole: Pantnagar_ELectrical_pole
29.0297888416218,79.3943103736098,EPole: Pantnagar_ELectrical_pole
29.0297486093488,79.3941901778642,EPole: Pantnagar_ELectrical_pole
29.0297374697254,79.3938245076835,EPole: Pantnagar_ELectrical_pole
29.0297811974121,79.3939049407081,EPole: Pantnagar_ELectrical_pole
29.0297269180337,79.3934551875724,EPole: Pantnagar_ELectrical_pole
29.0297737050925,79.3935048396484,EPole: Pantnagar_ELectrical_pole
29.0297254662406,79.3931604028301,EPole: Pantnagar_ELectrical_pole
29.0297049909887,79.3931608041614,EPole: Pantnagar_ELectrical_pole
29.0297763683367,79.393199492269,EPole: Pantnagar_ELectrical_pole
29.0297554328534,79.3931991388554,EPole: Pantnagar_ELectrical_pole
29.0297994668091,79.3927622564606,EPole: Pantnagar_ELectrical_pole
29.0298519859895,79.3928083479196,EPole: Pantnagar_ELectrical_pole
29.0299179902324,79.3925186978031,EPole: Pantnagar_ELectrical_pole
29.0298802094628,79.392445200384,EPole: Pantnagar_ELectrical_pole
29.0299853624252,79.3922227607508,EPole: Pantnagar_ELectrical_pole
29.0300436323373,79.3919126562993,EPole: Pantnagar_ELectrical_pole
29.030059716758,79.3919297636048,EPole: Pantnagar_ELectrical_pole
29.0300752164493,79.3919131832229,EPole: Pantnagar_ELectrical_pole
29.0300592211242,79.3918959051184,EPole: Pantnagar_ELectrical_pole
29.030604984455,79.3910003908073,EPole: Pantnagar_ELectrical_pole
29.0305966879681,79.3908500662128,EPole: Pantnagar_ELectrical_pole
29.0298590378132,79.39244019436,EPole: Pantnagar_ELectrical_pole
29.0305940237326,79.390831057662,EPole: Pantnagar_ELectrical_pole
29.0324402925242,79.3899174639663,EPole: Pantnagar_ELectrical_pole
29.0319629301201,79.3901659227153,EPole: Pantnagar_ELectrical_pole
29.030415054369,79.3981924744207,EPole: Pantnagar_ELectrical_pole
29.0320328081067,79.3901321563963,EPole: Pantnagar_ELectrical_pole
29.031736989982,79.3908038452855,EPole: Pantnagar_ELectrical_pole
29.0312093863444,79.3905715746015,EPole: Pantnagar_ELectrical_pole
29.0307792902693,79.3884641987026,EPole: Pantnagar_ELectrical_pole
29.0299246558811,79.3883771447001,EPole: Pantnagar_ELectrical_pole
29.0293969587282,79.3883253995969,EPole: Pantnagar_ELectrical_pole
29.0303091703362,79.3909797478587,EPole: Pantnagar_ELectrical_pole
29.0301973242926,79.3911027255321,EPole: Pantnagar_ELectrical_pole
29.0301833564795,79.3910890560185,EPole: Pantnagar_ELectrical_pole
29.0298365360075,79.3917438253178,EPole: Pantnagar_ELectrical_pole
29.0301194715487,79.4016672687982,EPole: Pantnagar_ELectrical_pole
29.0300988707251,79.4016647071043,EPole: Pantnagar_ELectrical_pole
29.0300996743632,79.4016412420522,EPole: Pantnagar_ELectrical_pole
29.0301217117222,79.4016431891566,EPole: Pantnagar_ELectrical_pole
29.029126376352,79.4016504803744,EPole: Pantnagar_ELectrical_pole
29.0291308883587,79.4016278054943,EPole: Pantnagar_ELectrical_pole
29.0291492126212,79.4016513134402,EPole: Pantnagar_ELectrical_pole
29.0291515450407,79.4016274020207,EPole: Pantnagar_ELectrical_pole
29.0295976715225,79.4016482987378,EPole: Pantnagar_ELectrical_pole
29.0300964605559,79.4013560501906,EPole: Pantnagar_ELectrical_pole
29.0300791766572,79.4010030870457,EPole: Pantnagar_ELectrical_pole
29.0300615698869,79.4005852745962,EPole: Pantnagar_ELectrical_pole
29.0300418310446,79.4001778246053,EPole: Pantnagar_ELectrical_pole
29.0300268741045,79.3998690227027,EPole: Pantnagar_ELectrical_pole
29.0300168182238,79.3994869083021,EPole: Pantnagar_ELectrical_pole
29.0300350848566,79.3994299000667,EPole: Pantnagar_ELectrical_pole
29.0300168349832,79.3994278108037,EPole: Pantnagar_ELectrical_pole
29.0300243258315,79.3991630277688,EPole: Pantnagar_ELectrical_pole
29.0300084309131,79.399108748056,EPole: Pantnagar_ELectrical_pole
29.0299975913438,79.398744341456,EPole: Pantnagar_ELectrical_pole
29.030026429532,79.3986053819336,EPole: Pantnagar_ELectrical_pole
29.0299826543298,79.3984374864692,EPole: Pantnagar_ELectrical_pole
29.0300073509772,79.3984354120452,EPole: Pantnagar_ELectrical_pole
29.0299334346942,79.3981912746331,EPole: Pantnagar_ELectrical_pole
29.0299347148761,79.3982153841248,EPole: Pantnagar_ELectrical_pole
29.0299577996093,79.3982143510471,EPole: Pantnagar_ELectrical_pole
29.0299537083456,79.3981890990267,EPole: Pantnagar_ELectrical_pole
29.0300260701373,79.398219646532,EPole: Pantnagar_ELectrical_pole
29.0300263223758,79.398202963658,EPole: Pantnagar_ELectrical_pole
29.0299888957942,79.398121075903,EPole: Pantnagar_ELectrical_pole
29.0299227010023,79.3976998668869,EPole: Pantnagar_ELectrical_pole
29.0299798486982,79.3977634997298,EPole: Pantnagar_ELectrical_pole
29.0299681923985,79.3973536404272,EPole: Pantnagar_ELectrical_pole
29.0298961479494,79.3971984595644,EPole: Pantnagar_ELectrical_pole
29.0299586485026,79.3969470507331,EPole: Pantnagar_ELectrical_pole
29.0298726448671,79.3966881997971,EPole: Pantnagar_ELectrical_pole
29.0299386324133,79.3966382427717,EPole: Pantnagar_ELectrical_pole
29.0299598325192,79.3966380845348,EPole: Pantnagar_ELectrical_pole
29.0299233304494,79.3963390137793,EPole: Pantnagar_ELectrical_pole
29.029846998487,79.396187540958,EPole: Pantnagar_ELectrical_pole
29.0298892215077,79.3959381383903,EPole: Pantnagar_ELectrical_pole
29.0298174960261,79.395681438549,EPole: Pantnagar_ELectrical_pole
29.0298384081568,79.3956797608367,EPole: Pantnagar_ELectrical_pole
29.0298626239762,79.3956224054414,EPole: Pantnagar_ELectrical_pole
29.0297963236967,79.3952534396562,EPole: Pantnagar_ELectrical_pole
29.029834533801,79.3952950973163,EPole: Pantnagar_ELectrical_pole
29.0297971638595,79.3949990894188,EPole: Pantnagar_ELectrical_pole
29.0298182534852,79.3949972383789,EPole: Pantnagar_ELectrical_pole
29.0297717745409,79.3948902621657,EPole: Pantnagar_ELectrical_pole
29.0297713326763,79.3946344081153,EPole: Pantnagar_ELectrical_pole
29.0297506891092,79.3946358282672,EPole: Pantnagar_ELectrical_pole
29.0297959107828,79.3947130216585,EPole: Pantnagar_ELectrical_pole
29.0297888416218,79.3943103736098,EPole: Pantnagar_ELectrical_pole
29.0297486093488,79.3941901778642,EPole: Pantnagar_ELectrical_pole
29.0297374697254,79.3938245076835,EPole: Pantnagar_ELectrical_pole
29.0297811974121,79.3939049407081,EPole: Pantnagar_ELectrical_pole
29.0297269180337,79.3934551875724,EPole: Pantnagar_ELectrical_pole
29.0297737050925,79.3935048396484,EPole: Pantnagar_ELectrical_pole
29.0297254662406,79.3931604028301,EPole: Pantnagar_ELectrical_pole
29.0297049909887,79.3931608041614,EPole: Pantnagar_ELectrical_pole
29.0297763683367,79.393199492269,EPole: Pantnagar_ELectrical_pole
29.0297554328534,79.3931991388554,EPole: Pantnagar_ELectrical_pole
29.0297994668091,79.3927622564606,EPole: Pantnagar_ELectrical_pole
29.0298519859895,79.3928083479196,EPole: Pantnagar_ELectrical_pole
29.0299179902324,79.3925186978031,EPole: Pantnagar_ELectrical_pole
29.0298802094628,79.392445200384,EPole: Pantnagar_ELectrical_pole
29.0299853624252,79.3922227607508,EPole: Pantnagar_ELectrical_pole
29.0300436323373,79.3919126562993,EPole: Pantnagar_ELectrical_pole
29.030059716758,79.3919297636048,EPole: Pantnagar_ELectrical_pole
29.0300752164493,79.3919131832229,EPole: Pantnagar_ELectrical_pole
29.0300592211242,79.3918959051184,EPole: Pantnagar_ELectrical_pole
29.030604984455,79.3910003908073,EPole: Pantnagar_ELectrical_pole
29.0305966879681,79.3908500662128,EPole: Pantnagar_ELectrical_pole
29.0298590378132,79.39244019436,EPole: Pantnagar_ELectrical_pole
29.0305940237326,79.390831057662,EPole: Pantnagar_ELectrical_pole
29.0307273853373,79.3981757975566,EPole: Pantnagar_ELectrical_pole
29.030907442161,79.3924422361514,EPole: Pantnagar_ELectrical_pole
29.0349987525171,79.4045180485805,EPole: Pantnagar_ELectrical_pole
29.0310385764276,79.3981467776734,EPole: Pantnagar_ELectrical_pole
29.0310399594514,79.3981644519798,EPole: Pantnagar_ELectrical_pole
29.031057082226,79.3981628332479,EPole: Pantnagar_ELectrical_pole
29.0310555056284,79.398144061211,EPole: Pantnagar_ELectrical_pole
29.0310296745211,79.3977409355888,EPole: Pantnagar_ELectrical_pole
29.031014193822,79.3973357035143,EPole: Pantnagar_ELectrical_pole
29.030998213098,79.3969341192908,EPole: Pantnagar_ELectrical_pole
29.0309807890445,79.3965174863651,EPole: Pantnagar_ELectrical_pole
29.030963356131,79.3961153324789,EPole: Pantnagar_ELectrical_pole
29.0309379812406,79.395675286886,EPole: Pantnagar_ELectrical_pole
29.0309536775701,79.3956751283344,EPole: Pantnagar_ELectrical_pole
29.0309259509639,79.3952498506189,EPole: Pantnagar_ELectrical_pole
29.0309077561218,79.3947993639037,EPole: Pantnagar_ELectrical_pole
29.0308904994567,79.3943519956003,EPole: Pantnagar_ELectrical_pole
29.0308746394197,79.3939612484757,EPole: Pantnagar_ELectrical_pole
29.0308599502575,79.3935628636082,EPole: Pantnagar_ELectrical_pole
29.0308383689262,79.393191763611,EPole: Pantnagar_ELectrical_pole
29.0308547818624,79.393191086353,EPole: Pantnagar_ELectrical_pole
29.0308768293347,79.3928168544878,EPole: Pantnagar_ELectrical_pole
29.0368382559275,79.4035811342168,EPole: Pantnagar_ELectrical_pole
29.0362684746707,79.4038444277172,EPole: Pantnagar_ELectrical_pole
29.0357242958077,79.404083192569,EPole: Pantnagar_ELectrical_pole
29.0355488417028,79.4047386220698,EPole: Pantnagar_ELectrical_pole
29.0357343374046,79.4049815699522,EPole: Pantnagar_ELectrical_pole
29.0351757587901,79.4044033067622,EPole: Pantnagar_ELectrical_pole
29.0352198277781,79.4043155864083,EPole: Pantnagar_ELectrical_pole
29.0352303094638,79.4043017087422,EPole: Pantnagar_ELectrical_pole
29.0349128442959,79.4036056052243,EPole: Pantnagar_ELectrical_pole
29.0347296358576,79.4030468057285,EPole: Pantnagar_ELectrical_pole
29.0345616389161,79.4025382372502,EPole: Pantnagar_ELectrical_pole
29.0343514670342,79.4018975583424,EPole: Pantnagar_ELectrical_pole
29.0341679286303,79.4013343671737,EPole: Pantnagar_ELectrical_pole
29.0336203454539,79.3996732933827,EPole: Pantnagar_ELectrical_pole
29.0334347338563,79.3991109895037,EPole: Pantnagar_ELectrical_pole
29.0332499694016,79.3986124302781,EPole: Pantnagar_ELectrical_pole
29.0331436010545,79.3982268813188,EPole: Pantnagar_ELectrical_pole
29.0330960063584,79.3980791911457,EPole: Pantnagar_ELectrical_pole
29.032961478178,79.3976625810415,EPole: Pantnagar_ELectrical_pole
29.0328369357833,79.3972890842626,EPole: Pantnagar_ELectrical_pole
29.0326535177697,79.396722521767,EPole: Pantnagar_ELectrical_pole
29.032465228413,79.3961485851646,EPole: Pantnagar_ELectrical_pole
29.0323098073733,79.3956753221623,EPole: Pantnagar_ELectrical_pole
29.0318031666041,79.3941240832298,EPole: Pantnagar_ELectrical_pole
29.0316507272712,79.393651795812,EPole: Pantnagar_ELectrical_pole
29.0314937851619,79.3931803414559,EPole: Pantnagar_ELectrical_pole
29.0313674372401,79.3928077297479,EPole: Pantnagar_ELectrical_pole
29.0312234561729,79.3923791725003,EPole: Pantnagar_ELectrical_pole
29.0312056517515,79.3922861452241,EPole: Pantnagar_ELectrical_pole
29.0310733312129,79.3919725566034,EPole: Pantnagar_ELectrical_pole
29.0308984700389,79.3915271238353,EPole: Pantnagar_ELectrical_pole
29.0307273853373,79.3981757975566,EPole: Pantnagar_ELectrical_pole
29.030907442161,79.3924422361514,EPole: Pantnagar_ELectrical_pole
29.0349987525171,79.4045180485805,EPole: Pantnagar_ELectrical_pole
29.0310385764276,79.3981467776734,EPole: Pantnagar_ELectrical_pole
29.0310399594514,79.3981644519798,EPole: Pantnagar_ELectrical_pole
29.031057082226,79.3981628332479,EPole: Pantnagar_ELectrical_pole
29.0310555056284,79.398144061211,EPole: Pantnagar_ELectrical_pole
29.0310296745211,79.3977409355888,EPole: Pantnagar_ELectrical_pole
29.031014193822,79.3973357035143,EPole: Pantnagar_ELectrical_pole
29.030998213098,79.3969341192908,EPole: Pantnagar_ELectrical_pole
29.0309807890445,79.3965174863651,EPole: Pantnagar_ELectrical_pole
29.030963356131,79.3961153324789,EPole: Pantnagar_ELectrical_pole
29.0309379812406,79.395675286886,EPole: Pantnagar_ELectrical_pole
29.0309536775701,79.3956751283344,EPole: Pantnagar_ELectrical_pole
29.0309259509639,79.3952498506189,EPole: Pantnagar_ELectrical_pole
29.0309077561218,79.3947993639037,EPole: Pantnagar_ELectrical_pole
29.0308904994567,79.3943519956003,EPole: Pantnagar_ELectrical_pole
29.0308746394197,79.3939612484757,EPole: Pantnagar_ELectrical_pole
29.0308599502575,79.3935628636082,EPole: Pantnagar_ELectrical_pole
29.0308383689262,79.393191763611,EPole: Pantnagar_ELectrical_pole
29.0308547818624,79.393191086353,EPole: Pantnagar_ELectrical_pole
29.0308768293347,79.3928168544878,EPole: Pantnagar_ELectrical_pole
29.0368382559275,79.4035811342168,EPole: Pantnagar_ELectrical_pole
29.0362684746707,79.4038444277172,EPole: Pantnagar_ELectrical_pole
29.0357242958077,79.404083192569,EPole: Pantnagar_ELectrical_pole
29.0355488417028,79.4047386220698,EPole: Pantnagar_ELectrical_pole
29.0357343374046,79.4049815699522,EPole: Pantnagar_ELectrical_pole
29.0351757587901,79.4044033067622,EPole: Pantnagar_ELectrical_pole
29.0352198277781,79.4043155864083,EPole: Pantnagar_ELectrical_pole
29.0352303094638,79.4043017087422,EPole: Pantnagar_ELectrical_pole
29.0349128442959,79.4036056052243,EPole: Pantnagar_ELectrical_pole
29.0347296358576,79.4030468057285,EPole: Pantnagar_ELectrical_pole
29.0345616389161,79.4025382372502,EPole: Pantnagar_ELectrical_pole
29.0343514670342,79.4018975583424,EPole: Pantnagar_ELectrical_pole
29.0341679286303,79.4013343671737,EPole: Pantnagar_ELectrical_pole
29.0336203454539,79.3996732933827,EPole: Pantnagar_ELectrical_pole
29.0334347338563,79.3991109895037,EPole: Pantnagar_ELectrical_pole
29.0332499694016,79.3986124302781,EPole: Pantnagar_ELectrical_pole
29.0331436010545,79.3982268813188,EPole: Pantnagar_ELectrical_pole
29.0330960063584,79.3980791911457,EPole: Pantnagar_ELectrical_pole
29.032961478178,79.3976625810415,EPole: Pantnagar_ELectrical_pole
29.0328369357833,79.3972890842626,EPole: Pantnagar_ELectrical_pole
29.0326535177697,79.396722521767,EPole: Pantnagar_ELectrical_pole
29.032465228413,79.3961485851646,EPole: Pantnagar_ELectrical_pole
29.0323098073733,79.3956753221623,EPole: Pantnagar_ELectrical_pole
29.0318031666041,79.3941240832298,EPole: Pantnagar_ELectrical_pole
29.0316507272712,79.393651795812,EPole: Pantnagar_ELectrical_pole
29.0314937851619,79.3931803414559,EPole: Pantnagar_ELectrical_pole
29.0313674372401,79.3928077297479,EPole: Pantnagar_ELectrical_pole
29.0312234561729,79.3923791725003,EPole: Pantnagar_ELectrical_pole
29.0312056517515,79.3922861452241,EPole: Pantnagar_ELectrical_pole
29.0310733312129,79.3919725566034,EPole: Pantnagar_ELectrical_pole
29.0308984700389,79.3915271238353,EPole: Pantnagar_ELectrical_pole
29.0324402925242,79.3899174639663,EPole: Pantnagar_ELectrical_pole
29.0319629301201,79.3901659227153,EPole: Pantnagar_ELectrical_pole
29.030415054369,79.3981924744207,EPole: Pantnagar_ELectrical_pole
29.0320328081067,79.3901321563963,EPole: Pantnagar_ELectrical_pole
29.031736989982,79.3908038452855,EPole: Pantnagar_ELectrical_pole
29.0312093863444,79.3905715746015,EPole: Pantnagar_ELectrical_pole
29.0307792902693,79.3884641987026,EPole: Pantnagar_ELectrical_pole
29.0299246558811,79.3883771447001,EPole: Pantnagar_ELectrical_pole
29.0293969587282,79.3883253995969,EPole: Pantnagar_ELectrical_pole
29.0303091703362,79.3909797478587,EPole: Pantnagar_ELectrical_pole
29.0301973242926,79.3911027255321,EPole: Pantnagar_ELectrical_pole
29.0301833564795,79.3910890560185,EPole: Pantnagar_ELectrical_pole
29.0298365360075,79.3917438253178,EPole: Pantnagar_ELectrical_pole
29.0301194715487,79.4016672687982,EPole: Pantnagar_ELectrical_pole
29.0300988707251,79.4016647071043,EPole: Pantnagar_ELectrical_pole
29.0300996743632,79.4016412420522,EPole: Pantnagar_ELectrical_pole
29.0301217117222,79.4016431891566,EPole: Pantnagar_ELectrical_pole
29.029126376352,79.4016504803744,EPole: Pantnagar_ELectrical_pole
29.0291308883587,79.4016278054943,EPole: Pantnagar_ELectrical_pole
29.0291492126212,79.4016513134402,EPole: Pantnagar_ELectrical_pole
29.0291515450407,79.4016274020207,EPole: Pantnagar_ELectrical_pole
29.0295976715225,79.4016482987378,EPole: Pantnagar_ELectrical_pole
29.0300964605559,79.4013560501906,EPole: Pantnagar_ELectrical_pole
29.0300791766572,79.4010030870457,EPole: Pantnagar_ELectrical_pole
29.0300615698869,79.4005852745962,EPole: Pantnagar_ELectrical_pole
29.0300418310446,79.4001778246053,EPole: Pantnagar_ELectrical_pole
29.0300268741045,79.3998690227027,EPole: Pantnagar_ELectrical_pole
29.0300168182238,79.3994869083021,EPole: Pantnagar_ELectrical_pole
29.0300350848566,79.3994299000667,EPole: Pantnagar_ELectrical_pole
29.0300168349832,79.3994278108037,EPole: Pantnagar_ELectrical_pole
29.0300243258315,79.3991630277688,EPole: Pantnagar_ELectrical_pole
29.0300084309131,79.399108748056,EPole: Pantnagar_ELectrical_pole
29.0299975913438,79.398744341456,EPole: Pantnagar_ELectrical_pole
29.030026429532,79.3986053819336,EPole: Pantnagar_ELectrical_pole
29.0299826543298,79.3984374864692,EPole: Pantnagar_ELectrical_pole
29.0300073509772,79.3984354120452,EPole: Pantnagar_ELectrical_pole
29.0299334346942,79.3981912746331,EPole: Pantnagar_ELectrical_pole
29.0299347148761,79.3982153841248,EPole: Pantnagar_ELectrical_pole
29.0299577996093,79.3982143510471,EPole: Pantnagar_ELectrical_pole
29.0299537083456,79.3981890990267,EPole: Pantnagar_ELectrical_pole
29.0300260701373,79.398219646532,EPole: Pantnagar_ELectrical_pole
29.0300263223758,79.398202963658,EPole: Pantnagar_ELectrical_pole
29.0299888957942,79.398121075903,EPole: Pantnagar_ELectrical_pole
29.0299227010023,79.3976998668869,EPole: Pantnagar_ELectrical_pole
29.0299798486982,79.3977634997298,EPole: Pantnagar_ELectrical_pole
29.0299681923985,79.3973536404272,EPole: Pantnagar_ELectrical_pole
29.0298961479494,79.3971984595644,EPole: Pantnagar_ELectrical_pole
29.0299586485026,79.3969470507331,EPole: Pantnagar_ELectrical_pole
29.0298726448671,79.3966881997971,EPole: Pantnagar_ELectrical_pole
29.0299386324133,79.3966382427717,EPole: Pantnagar_ELectrical_pole
29.0299598325192,79.3966380845348,EPole: Pantnagar_ELectrical_pole
29.0299233304494,79.3963390137793,EPole: Pantnagar_ELectrical_pole
29.029846998487,79.396187540958,EPole: Pantnagar_ELectrical_pole
29.0298892215077,79.3959381383903,EPole: Pantnagar_ELectrical_pole
29.0298174960261,79.395681438549,EPole: Pantnagar_ELectrical_pole
29.0298384081568,79.3956797608367,EPole: Pantnagar_ELectrical_pole
29.0298626239762,79.3956224054414,EPole: Pantnagar_ELectrical_pole
29.0297963236967,79.3952534396562,EPole: Pantnagar_ELectrical_pole
29.029834533801,79.3952950973163,EPole: Pantnagar_ELectrical_pole
29.0297971638595,79.3949990894188,EPole: Pantnagar_ELectrical_pole
29.0298182534852,79.3949972383789,EPole: Pantnagar_ELectrical_pole
29.0297717745409,79.3948902621657,EPole: Pantnagar_ELectrical_pole
29.0297713326763,79.3946344081153,EPole: Pantnagar_ELectrical_pole
29.0297506891092,79.3946358282672,EPole: Pantnagar_ELectrical_pole
29.0297959107828,79.3947130216585,EPole: Pantnagar_ELectrical_pole
29.0297888416218,79.3943103736098,EPole: Pantnagar_ELectrical_pole
29.0297486093488,79.3941901778642,EPole: Pantnagar_ELectrical_pole
29.0297374697254,79.3938245076835,EPole: Pantnagar_ELectrical_pole
29.0297811974121,79.3939049407081,EPole: Pantnagar_ELectrical_pole
29.0297269180337,79.3934551875724,EPole: Pantnagar_ELectrical_pole
29.0297737050925,79.3935048396484,EPole: Pantnagar_ELectrical_pole
29.0297254662406,79.3931604028301,EPole: Pantnagar_ELectrical_pole
29.0297049909887,79.3931608041614,EPole: Pantnagar_ELectrical_pole
29.0297763683367,79.393199492269,EPole: Pantnagar_ELectrical_pole
29.0297554328534,79.3931991388554,EPole: Pantnagar_ELectrical_pole
29.0297994668091,79.3927622564606,EPole: Pantnagar_ELectrical_pole
29.0298519859895,79.3928083479196,EPole: Pantnagar_ELectrical_pole
29.0299179902324,79.3925186978031,EPole: Pantnagar_ELectrical_pole
29.0298802094628,79.392445200384,EPole: Pantnagar_ELectrical_pole
29.0299853624252,79.3922227607508,EPole: Pantnagar_ELectrical_pole
29.0300436323373,79.3919126562993,EPole: Pantnagar_ELectrical_pole
29.030059716758,79.3919297636048,EPole: Pantnagar_ELectrical_pole
29.0300752164493,79.3919131832229,EPole: Pantnagar_ELectrical_pole
29.0300592211242,79.3918959051184,EPole: Pantnagar_ELectrical_pole
29.030604984455,79.3910003908073,EPole: Pantnagar_ELectrical_pole
29.0305966879681,79.3908500662128,EPole: Pantnagar_ELectrical_pole
29.0298590378132,79.39244019436,EPole: Pantnagar_ELectrical_pole
29.0305940237326,79.390831057662,EPole: Pantnagar_ELectrical_pole
29.0324402925242,79.3899174639663,EPole: Pantnagar_ELectrical_pole
29.0319629301201,79.3901659227153,EPole: Pantnagar_ELectrical_pole
29.030415054369,79.3981924744207,EPole: Pantnagar_ELectrical_pole
29.0320328081067,79.3901321563963,EPole: Pantnagar_ELectrical_pole
29.031736989982,79.3908038452855,EPole: Pantnagar_ELectrical_pole
29.0312093863444,79.3905715746015,EPole: Pantnagar_ELectrical_pole
29.0307792902693,79.3884641987026,EPole: Pantnagar_ELectrical_pole
29.0299246558811,79.3883771447001,EPole: Pantnagar_ELectrical_pole
29.0293969587282,79.3883253995969,EPole: Pantnagar_ELectrical_pole
29.0303091703362,79.3909797478587,EPole: Pantnagar_ELectrical_pole
29.0301973242926,79.3911027255321,EPole: Pantnagar_ELectrical_pole
29.0301833564795,79.3910890560185,EPole: Pantnagar_ELectrical_pole
29.0298365360075,79.3917438253178,EPole: Pantnagar_ELectrical_pole
29.0301194715487,79.4016672687982,EPole: Pantnagar_ELectrical_pole
29.0300988707251,79.4016647071043,EPole: Pantnagar_ELectrical_pole
29.0300996743632,79.4016412420522,EPole: Pantnagar_ELectrical_pole
29.0301217117222,79.4016431891566,EPole: Pantnagar_ELectrical_pole
29.029126376352,79.4016504803744,EPole: Pantnagar_ELectrical_pole
29.0291308883587,79.4016278054943,EPole: Pantnagar_ELectrical_pole
29.0291492126212,79.4016513134402,EPole: Pantnagar_ELectrical_pole
29.0291515450407,79.4016274020207,EPole: Pantnagar_ELectrical_pole
29.0295976715225,79.4016482987378,EPole: Pantnagar_ELectrical_pole
29.0300964605559,79.4013560501906,EPole: Pantnagar_ELectrical_pole
29.0300791766572,79.4010030870457,EPole: Pantnagar_ELectrical_pole
29.0300615698869,79.4005852745962,EPole: Pantnagar_ELectrical_pole
29.0300418310446,79.4001778246053,EPole: Pantnagar_ELectrical_pole
29.0300268741045,79.3998690227027,EPole: Pantnagar_ELectrical_pole
29.0300168182238,79.3994869083021,EPole: Pantnagar_ELectrical_pole
29.0300350848566,79.3994299000667,EPole: Pantnagar_ELectrical_pole
29.0300168349832,79.3994278108037,EPole: Pantnagar_ELectrical_pole
29.0300243258315,79.3991630277688,EPole: Pantnagar_ELectrical_pole
29.0300084309131,79.399108748056,EPole: Pantnagar_ELectrical_pole
29.0299975913438,79.398744341456,EPole: Pantnagar_ELectrical_pole
29.030026429532,79.3986053819336,EPole: Pantnagar_ELectrical_pole
29.0299826543298,79.3984374864692,EPole: Pantnagar_ELectrical_pole
29.0300073509772,79.3984354120452,EPole: Pantnagar_ELectrical_pole
29.0299334346942,79.3981912746331,EPole: Pantnagar_ELectrical_pole
29.0299347148761,79.3982153841248,EPole: Pantnagar_ELectrical_pole
29.0299577996093,79.3982143510471,EPole: Pantnagar_ELectrical_pole
29.0299537083456,79.3981890990267,EPole: Pantnagar_ELectrical_pole
29.0300260701373,79.398219646532,EPole: Pantnagar_ELectrical_pole
29.0300263223758,79.398202963658,EPole: Pantnagar_ELectrical_pole
29.0299888957942,79.398121075903,EPole: Pantnagar_ELectrical_pole
29.0299227010023,79.3976998668869,EPole: Pantnagar_ELectrical_pole
29.0299798486982,79.3977634997298,EPole: Pantnagar_ELectrical_pole
29.0299681923985,79.3973536404272,EPole: Pantnagar_ELectrical_pole
29.0298961479494,79.3971984595644,EPole: Pantnagar_ELectrical_pole
29.0299586485026,79.3969470507331,EPole: Pantnagar_ELectrical_pole
29.0298726448671,79.3966881997971,EPole: Pantnagar_ELectrical_pole
29.0299386324133,79.3966382427717,EPole: Pantnagar_ELectrical_pole
29.0299598325192,79.3966380845348,EPole: Pantnagar_ELectrical_pole
29.0299233304494,79.3963390137793,EPole: Pantnagar_ELectrical_pole
29.029846998487,79.396187540958,EPole: Pantnagar_ELectrical_pole
29.0298892215077,79.3959381383903,EPole: Pantnagar_ELectrical_pole
29.0298174960261,79.395681438549,EPole: Pantnagar_ELectrical_pole
29.0298384081568,79.3956797608367,EPole: Pantnagar_ELectrical_pole
29.0298626239762,79.3956224054414,EPole: Pantnagar_ELectrical_pole
29.0297963236967,79.3952534396562,EPole: Pantnagar_ELectrical_pole
29.029834533801,79.3952950973163,EPole: Pantnagar_ELectrical_pole
29.0297971638595,79.3949990894188,EPole: Pantnagar_ELectrical_pole
29.0298182534852,79.3949972383789,EPole: Pantnagar_ELectrical_pole
29.0297717745409,79.3948902621657,EPole: Pantnagar_ELectrical_pole
29.0297713326763,79.3946344081153,EPole: Pantnagar_ELectrical_pole
29.0297506891092,79.3946358282672,EPole: Pantnagar_ELectrical_pole
29.0297959107828,79.3947130216585,EPole: Pantnagar_ELectrical_pole
29.0297888416218,79.3943103736098,EPole: Pantnagar_ELectrical_pole
29.0297486093488,79.3941901778642,EPole: Pantnagar_ELectrical_pole
29.0297374697254,79.3938245076835,EPole: Pantnagar_ELectrical_pole
29.0297811974121,79.3939049407081,EPole: Pantnagar_ELectrical_pole
29.0297269180337,79.3934551875724,EPole: Pantnagar_ELectrical_pole
29.0297737050925,79.3935048396484,EPole: Pantnagar_ELectrical_pole
29.0297254662406,79.3931604028301,EPole: Pantnagar_ELectrical_pole
29.0297049909887,79.3931608041614,EPole: Pantnagar_ELectrical_pole
29.0297763683367,79.393199492269,EPole: Pantnagar_ELectrical_pole
29.0297554328534,79.3931991388554,EPole: Pantnagar_ELectrical_pole
29.0297994668091,79.3927622564606,EPole: Pantnagar_ELectrical_pole
29.0298519859895,79.3928083479196,EPole: Pantnagar_ELectrical_pole
29.0299179902324,79.3925186978031,EPole: Pantnagar_ELectrical_pole
29.0298802094628,79.392445200384,EPole: Pantnagar_ELectrical_pole
29.0299853624252,79.3922227607508,EPole: Pantnagar_ELectrical_pole
29.0300436323373,79.3919126562993,EPole: Pantnagar_ELectrical_pole
29.030059716758,79.3919297636048,EPole: Pantnagar_ELectrical_pole
29.0300752164493,79.3919131832229,EPole: Pantnagar_ELectrical_pole
29.0300592211242,79.3918959051184,EPole: Pantnagar_ELectrical_pole
29.030604984455,79.3910003908073,EPole: Pantnagar_ELectrical_pole
29.0305966879681,79.3908500662128,EPole: Pantnagar_ELectrical_pole
29.0298590378132,79.39244019436,EPole: Pantnagar_ELectrical_pole
29.0305940237326,79.390831057662,EPole: Pantnagar_ELectrical_pole
29.0222521311528,79.4007955618736,EPole: Pantnagar_ELectrical_pole
29.018587909425,79.4009221468897,EPole: Pantnagar_ELectrical_pole
29.0154219870561,79.4009413947733,EPole: Pantnagar_ELectrical_pole
29.015309468305,79.4045746607124,EPole: Pantnagar_ELectrical_pole
29.015289476827,79.4028920622775,EPole: Pantnagar_ELectrical_pole
29.0152834963307,79.4067598845338,EPole: Pantnagar_ELectrical_pole
29.0153262395484,79.4081764145929,EPole: Pantnagar_ELectrical_pole
29.0172039760618,79.4045750660965,EPole: Pantnagar_ELectrical_pole
29.0186573784836,79.4045822513387,EPole: Pantnagar_ELectrical_pole
29.0202142195224,79.4045583192912,EPole: Pantnagar_ELectrical_pole
29.0213829016477,79.4046289318948,EPole: Pantnagar_ELectrical_pole
29.0223071878078,79.4046073416764,EPole: Pantnagar_ELectrical_pole
29.0134661199109,79.4009641412996,EPole: Pantnagar_ELectrical_pole
29.01128513899,79.4008796403237,EPole: Pantnagar_ELectrical_pole
29.0085866160267,79.4009212016963,EPole: Pantnagar_ELectrical_pole
29.0057800871291,79.4006101569073,EPole: Pantnagar_ELectrical_pole
29.0034967197021,79.400645322565,EPole: Pantnagar_ELectrical_pole
29.0009545803488,79.4007435093743,EPole: Pantnagar_ELectrical_pole
28.9981522646598,79.4007866544834,EPole: Pantnagar_ELectrical_pole
28.9947784016048,79.4007795539515,EPole: Pantnagar_ELectrical_pole
29.0081511512735,79.4035849428585,EPole: Pantnagar_ELectrical_pole
29.0081847868566,79.4064185989239,EPole: Pantnagar_ELectrical_pole
29.0082078766889,79.4083667405284,EPole: Pantnagar_ELectrical_pole
29.0080338314525,79.411203580949,EPole: Pantnagar_ELectrical_pole
29.0080237710273,79.4147464542114,EPole: Pantnagar_ELectrical_pole
29.0080613419851,79.417934331522,EPole: Pantnagar_ELectrical_pole
28.9914322400948,79.400919610629,EPole: Pantnagar_ELectrical_pole
28.9880604807213,79.4010895638657,EPole: Pantnagar_ELectrical_pole
29.0057890726591,79.4189136554539,EPole: Pantnagar_ELectrical_pole
29.0030379345096,79.4188964974044,EPole: Pantnagar_ELectrical_pole
29.000286794407,79.4188793366512,EPole: Pantnagar_ELectrical_pole
28.9977432344019,79.418859012617,EPole: Pantnagar_ELectrical_pole
28.995667425202,79.418890606451,EPole: Pantnagar_ELectrical_pole
28.9932529077438,79.4188092770761,EPole: Pantnagar_ELectrical_pole
28.9907626296552,79.4189062090741,EPole: Pantnagar_ELectrical_pole
28.9943206476891,79.4213316458695,EPole: Pantnagar_ELectrical_pole
28.9944037135171,79.4239870805726,EPole: Pantnagar_ELectrical_pole
28.9943386396663,79.4272941791618,EPole: Pantnagar_ELectrical_pole
28.9941136622768,79.4302494674309,EPole: Pantnagar_ELectrical_pole
28.9943079117585,79.433552648304,EPole: Pantnagar_ELectrical_pole
28.9941920796746,79.4369785863788,EPole: Pantnagar_ELectrical_pole
28.9942304772201,79.4402841287182,EPole: Pantnagar_ELectrical_pole
29.0097071564746,79.4188539953493,EPole: Pantnagar_ELectrical_pole
29.0115248752816,79.4189444081106,EPole: Pantnagar_ELectrical_pole
29.0137051638165,79.4189702526543,EPole: Pantnagar_ELectrical_pole
29.0155214922101,79.4189425891179,EPole: Pantnagar_ELectrical_pole
29.0174409155134,79.4188543012638,EPole: Pantnagar_ELectrical_pole
29.0152265498556,79.415935557497,EPole: Pantnagar_ELectrical_pole
29.0151972910889,79.4134559280464,EPole: Pantnagar_ELectrical_pole
29.0152198820032,79.4109755078769,EPole: Pantnagar_ELectrical_pole
29.0166517440365,79.4135517981987,EPole: Pantnagar_ELectrical_pole
29.0243366331047,79.4006785468227,EPole: Pantnagar_ELectrical_pole
29.0265680984279,79.400644151705,EPole: Pantnagar_ELectrical_pole
29.0284412224563,79.401028674245,EPole: Pantnagar_ELectrical_pole
29.0290569982208,79.404798840343,EPole: Pantnagar_ELectrical_pole
29.0290457350287,79.4082243296739,EPole: Pantnagar_ELectrical_pole
29.0291381732553,79.4116482346464,EPole: Pantnagar_ELectrical_pole
29.0300103417049,79.4151783513417,EPole: Pantnagar_ELectrical_pole
29.0309771695478,79.4179393278538,EPole: Pantnagar_ELectrical_pole
29.0319418583512,79.4205232130798,EPole: Pantnagar_ELectrical_pole
29.0327950816625,79.4224591865524,EPole: Pantnagar_ELectrical_pole
29.0338095045778,79.4248652248842,EPole: Pantnagar_ELectrical_pole
29.0352404307776,79.4273831190618,EPole: Pantnagar_ELectrical_pole
29.0365114828811,79.4295491314519,EPole: Pantnagar_ELectrical_pole
29.0377825018404,79.4317151989322,EPole: Pantnagar_ELectrical_pole
29.0391572783278,79.4338797530432,EPole: Pantnagar_ELectrical_pole
29.0398628836361,79.4365269670834,EPole: Pantnagar_ELectrical_pole
29.0389146481565,79.439789743646,EPole: Pantnagar_ELectrical_pole
29.03837738709,79.4426919151064,EPole: Pantnagar_ELectrical_pole
29.037736953437,79.4456546671102,EPole: Pantnagar_ELectrical_pole
28.9899844434069,79.4167337498055,EPole: Pantnagar_ELectrical_pole
28.9896222551502,79.4124297227576,EPole: Pantnagar_ELectrical_pole
28.9899396503487,79.4217524174251,EPole: Pantnagar_ELectrical_pole
28.9899251389007,79.4249405373113,EPole: Pantnagar_ELectrical_pole
28.9900129616061,79.4280090401881,EPole: Pantnagar_ELectrical_pole
28.9901020930898,79.43119560184,EPole: Pantnagar_ELectrical_pole
28.9901993958426,79.4350904743649,EPole: Pantnagar_ELectrical_pole
28.99029453048,79.4388082840431,EPole: Pantnagar_ELectrical_pole
28.9903294577301,79.4418185772676,EPole: Pantnagar_ELectrical_pole
29.0079645188407,79.398805158555,EPole: Pantnagar_ELectrical_pole
29.0079805038365,79.39579361525,EPole: Pantnagar_ELectrical_pole
29.0080518455709,79.3930764404964,EPole: Pantnagar_ELectrical_pole
29.0081316164012,79.3910676745905,EPole: Pantnagar_ELectrical_pole
29.0081573388093,79.3888826093738,EPole: Pantnagar_ELectrical_pole
29.0173126226489,79.4079909438109,EPole: Pantnagar_ELectrical_pole
29.0128012708907,79.4083553700495,EPole: Pantnagar_ELectrical_pole
29.0107254769229,79.408387193403,EPole: Pantnagar_ELectrical_pole
29.0123137674213,79.411019990736,EPole: Pantnagar_ELectrical_pole
29.0123444626395,79.4136176228115,EPole: Pantnagar_ELectrical_pole
29.0107343242484,79.4135241316326,EPole: Pantnagar_ELectrical_pole
29.0108579168478,79.4108060855848,EPole: Pantnagar_ELectrical_pole
29.0107172489916,79.4164767371957,EPole: Pantnagar_ELectrical_pole
29.0167419438817,79.4167981862723,EPole: Pantnagar_ELectrical_pole
29.0180414069097,79.4169555193848,EPole: Pantnagar_ELectrical_pole
30.3751340100001,77.8581651600001,EPole: Selaqui_EPole
30.3749550000001,77.8583739600001,EPole: Selaqui_EPole
30.3748440300001,77.8576240800001,EPole: Selaqui_EPole
30.3748720200001,77.8575718800001,EPole: Selaqui_EPole
30.3748820100001,77.8574048400001,EPole: Selaqui_EPole
30.3748270200001,77.8569991200001,EPole: Selaqui_EPole
30.3746069700001,77.857425,EPole: Selaqui_EPole
30.3746400000001,77.8571769600001,EPole: Selaqui_EPole
30.37452597,77.85712908,EPole: Selaqui_EPole
30.3744130200001,77.856795,EPole: Selaqui_EPole
30.3743099700001,77.8571780400001,EPole: Selaqui_EPole
30.37414599,77.8563709200001,EPole: Selaqui_EPole
30.3741559800001,77.8563511200001,EPole: Selaqui_EPole
30.3741369900001,77.85633204,EPole: Selaqui_EPole
30.3741240300001,77.8563550800001,EPole: Selaqui_EPole
30.3740139600001,77.85693108,EPole: Selaqui_EPole
30.37370301,77.85655704,EPole: Selaqui_EPole
30.3734580300001,77.85654012,EPole: Selaqui_EPole
30.3732999900001,77.8563111600001,EPole: Selaqui_EPole
30.3732939600001,77.8558438800001,EPole: Selaqui_EPole
30.37335804,77.8557121200001,EPole: Selaqui_EPole
30.37287501,77.8555918800001,EPole: Selaqui_EPole
30.3729609600001,77.85546084,EPole: Selaqui_EPole
30.3729550200001,77.85609192,EPole: Selaqui_EPole
30.3722839800001,77.8557981600001,EPole: Selaqui_EPole
30.3721070400001,77.85567108,EPole: Selaqui_EPole
30.3722080200001,77.8555101600001,EPole: Selaqui_EPole
30.3720740100001,77.8548999600001,EPole: Selaqui_EPole
30.3714450000001,77.85471312,EPole: Selaqui_EPole
30.3715260000001,77.85502488,EPole: Selaqui_EPole
30.3716040300001,77.8552329600001,EPole: Selaqui_EPole
30.37104702,77.8547059200001,EPole: Selaqui_EPole
30.37093101,77.854788,EPole: Selaqui_EPole
30.3709680000001,77.8541331600001,EPole: Selaqui_EPole
30.370842,77.8543408800001,EPole: Selaqui_EPole
30.3707120400001,77.8546440000001,EPole: Selaqui_EPole
30.37058397,77.8545529200001,EPole: Selaqui_EPole
30.370599,77.85444312,EPole: Selaqui_EPole
30.3703239600001,77.854383,EPole: Selaqui_EPole
30.37024998,77.8543311600001,EPole: Selaqui_EPole
30.3702620400001,77.85420084,EPole: Selaqui_EPole
30.37041,77.8540780800001,EPole: Selaqui_EPole
30.37054698,77.8538239200001,EPole: Selaqui_EPole
30.36990501,77.8539268800001,EPole: Selaqui_EPole
30.3699390300001,77.8537868400001,EPole: Selaqui_EPole
30.37011498,77.8535031600001,EPole: Selaqui_EPole
30.36954501,77.8538340000001,EPole: Selaqui_EPole
30.369735,77.85322812,EPole: Selaqui_EPole
30.3689420100001,77.85321192,EPole: Selaqui_EPole
30.36870198,77.8529390400001,EPole: Selaqui_EPole
30.3684200100001,77.85258084,EPole: Selaqui_EPole
30.36841299,77.85241884,EPole: Selaqui_EPole
30.3680430000001,77.85207504,EPole: Selaqui_EPole
30.3680549700001,77.8515548400001,EPole: Selaqui_EPole
30.3675980400001,77.85169884,EPole: Selaqui_EPole
30.3677460000001,77.8516869600001,EPole: Selaqui_EPole
30.3678060300001,77.8512268800001,EPole: Selaqui_EPole
30.3675740100001,77.85120492,EPole: Selaqui_EPole
30.3675360300001,77.8508701200001,EPole: Selaqui_EPole
30.36711897,77.8508528400001,EPole: Selaqui_EPole
30.3671930400001,77.8506861600001,EPole: Selaqui_EPole
30.367197,77.850423,EPole: Selaqui_EPole
30.3667700400001,77.85057384,EPole: Selaqui_EPole
30.3662760300001,77.8498441200001,EPole: Selaqui_EPole
30.36646998,77.8497080400001,EPole: Selaqui_EPole
30.3665869800001,77.8496090400001,EPole: Selaqui_EPole
30.3658749900001,77.8487940000001,EPole: Selaqui_EPole
30.3659870400001,77.8487180400001,EPole: Selaqui_EPole
30.36569697,77.8484840400001,EPole: Selaqui_EPole
30.3655750200001,77.8480171200001,EPole: Selaqui_EPole
30.3654320100001,77.84775504,EPole: Selaqui_EPole
30.36533202,77.8478248800001,EPole: Selaqui_EPole
30.36513204,77.84727588,EPole: Selaqui_EPole
30.3650399700001,77.8473428400001,EPole: Selaqui_EPole
30.3649550100001,77.8471178400001,EPole: Selaqui_EPole
30.3648859800001,77.8468341600001,EPole: Selaqui_EPole
30.3647820300001,77.84690292,EPole: Selaqui_EPole
30.364785,77.8467459600001,EPole: Selaqui_EPole
30.3646680000001,77.8465450800001,EPole: Selaqui_EPole
30.3643140300001,77.8465141200001,EPole: Selaqui_EPole
30.36438603,77.8462531200001,EPole: Selaqui_EPole
30.36449502,77.84618112,EPole: Selaqui_EPole
30.36420099,77.845806,EPole: Selaqui_EPole
30.3639129900001,77.8456350000001,EPole: Selaqui_EPole
30.3640380000001,77.8454049600001,EPole: Selaqui_EPole
30.363687,77.84528184,EPole: Selaqui_EPole
30.3638820300001,77.845014,EPole: Selaqui_EPole
30.3634330200001,77.8448221200001,EPole: Selaqui_EPole
30.3637159800001,77.8445881200001,EPole: Selaqui_EPole
30.3635610000001,77.8441798800001,EPole: Selaqui_EPole
30.3633950400001,77.8437601200001,EPole: Selaqui_EPole
30.3632790300001,77.84382492,EPole: Selaqui_EPole
30.3631309800001,77.8433428800001,EPole: Selaqui_EPole
30.36327498,77.84328708,EPole: Selaqui_EPole
30.36274803,77.8434001200001,EPole: Selaqui_EPole
30.36254202,77.8437169200001,EPole: Selaqui_EPole
30.36214296,77.843889,EPole: Selaqui_EPole
30.36212199,77.84433792,EPole: Selaqui_EPole
30.36195603,77.8441478400001,EPole: Selaqui_EPole
30.3619290300001,77.84461908,EPole: Selaqui_EPole
30.36186,77.8443141600001,EPole: Selaqui_EPole
30.36193704,77.8442259600001,EPole: Selaqui_EPole
30.36163401,77.84469792,EPole: Selaqui_EPole
30.36171897,77.8449560400001,EPole: Selaqui_EPole
30.36150099,77.8453081200001,EPole: Selaqui_EPole
30.36131901,77.8452728400001,EPole: Selaqui_EPole
30.3605630100001,77.84693316,EPole: Selaqui_EPole
30.3604489800001,77.84703792,EPole: Selaqui_EPole
30.3603579900001,77.8468021200001,EPole: Selaqui_EPole
30.35974401,77.8483508400001,EPole: Selaqui_EPole
30.3594759900001,77.8483159200001,EPole: Selaqui_EPole
30.35950002,77.8487828400001,EPole: Selaqui_EPole
30.3591950100001,77.8488760800001,EPole: Selaqui_EPole
30.35935404,77.8490078400001,EPole: Selaqui_EPole
30.3589829700001,77.84972208,EPole: Selaqui_EPole
30.3588219600001,77.84947908,EPole: Selaqui_EPole
30.3587080200001,77.85017208,EPole: Selaqui_EPole
30.3585959700001,77.8498941600001,EPole: Selaqui_EPole
30.357675,77.8519630800001,EPole: Selaqui_EPole
30.35867904,77.8508841600001,EPole: Selaqui_EPole
30.358863,77.8510760400001,EPole: Selaqui_EPole
30.3590469600001,77.8512740400001,EPole: Selaqui_EPole
30.35923002,77.8514670000001,EPole: Selaqui_EPole
30.3595929900001,77.8518518400001,EPole: Selaqui_EPole
30.3599709900001,77.8518270000001,EPole: Selaqui_EPole
30.3601590000001,77.85159588,EPole: Selaqui_EPole
30.36034197,77.8513579200001,EPole: Selaqui_EPole
30.36053502,77.8511340000001,EPole: Selaqui_EPole
30.36072303,77.85090288,EPole: Selaqui_EPole
30.36090897,77.8506728400001,EPole: Selaqui_EPole
30.36106998,77.8506159600001,EPole: Selaqui_EPole
30.36109599,77.8504460400001,EPole: Selaqui_EPole
30.36122901,77.8502689200001,EPole: Selaqui_EPole
30.36130704,77.8503729600001,EPole: Selaqui_EPole
30.3615240300001,77.84997192,EPole: Selaqui_EPole
30.36160899,77.84988192,EPole: Selaqui_EPole
30.36196404,77.8495201200001,EPole: Selaqui_EPole
30.36216402,77.84931204,EPole: Selaqui_EPole
30.36236697,77.8491000000001,EPole: Selaqui_EPole
30.3610329900001,77.84754516,EPole: Selaqui_EPole
30.36109599,77.8473921600001,EPole: Selaqui_EPole
30.3613419600001,77.84760312,EPole: Selaqui_EPole
30.3612579900001,77.8477438800001,EPole: Selaqui_EPole
30.3614790300001,77.8479278400001,EPole: Selaqui_EPole
30.3616119600001,77.8478338800001,EPole: Selaqui_EPole
30.3616710000001,77.8481049600001,EPole: Selaqui_EPole
30.36190599,77.8482921600001,EPole: Selaqui_EPole
30.3618510000001,77.84804016,EPole: Selaqui_EPole
30.36212397,77.84848908,EPole: Selaqui_EPole
30.3623569800001,77.84847396,EPole: Selaqui_EPole
30.3623510400001,77.84868708,EPole: Selaqui_EPole
30.36265704,77.8489650000001,EPole: Selaqui_EPole
30.3626930400001,77.8487680800001,EPole: Selaqui_EPole
30.3626480400001,77.8487259600001,EPole: Selaqui_EPole
30.36279402,77.84865684,EPole: Selaqui_EPole
30.36295899,77.8492159200001,EPole: Selaqui_EPole
30.36315897,77.8493858400001,EPole: Selaqui_EPole
30.3633929700001,77.8495921200001,EPole: Selaqui_EPole
30.36340503,77.84937288,EPole: Selaqui_EPole
30.3636050100001,77.8495471200001,EPole: Selaqui_EPole
30.364155,77.8502530800001,EPole: Selaqui_EPole
30.36405096,77.8499330400001,EPole: Selaqui_EPole
30.36382803,77.8497411600001,EPole: Selaqui_EPole
30.364587,77.8506271200001,EPole: Selaqui_EPole
30.36457899,77.8504129200001,EPole: Selaqui_EPole
30.36437298,77.8504438800001,EPole: Selaqui_EPole
30.3642800100001,77.8501328400001,EPole: Selaqui_EPole
30.36477798,77.8507948800001,EPole: Selaqui_EPole
30.3650150400001,77.8510018800001,EPole: Selaqui_EPole
30.3650569800001,77.8508110800001,EPole: Selaqui_EPole
30.3652320300001,77.85118692,EPole: Selaqui_EPole
30.3654359700001,77.85138204,EPole: Selaqui_EPole
30.36547296,77.8511768400001,EPole: Selaqui_EPole
30.36565296,77.8513309200001,EPole: Selaqui_EPole
30.36586599,77.8517629200001,EPole: Selaqui_EPole
30.36607902,77.8519771200001,EPole: Selaqui_EPole
30.36618,77.85178884,EPole: Selaqui_EPole
30.3662950200001,77.8521448800001,EPole: Selaqui_EPole
30.3664210200001,77.85200016,EPole: Selaqui_EPole
30.36650697,77.85234108,EPole: Selaqui_EPole
30.3668160300001,77.85234288,EPole: Selaqui_EPole
30.3670260000001,77.8525261200001,EPole: Selaqui_EPole
30.3675149700001,77.852943,EPole: Selaqui_EPole
30.36740904,77.8530808800001,EPole: Selaqui_EPole
30.3671750400001,77.85288216,EPole: Selaqui_EPole
30.36726,77.85273204,EPole: Selaqui_EPole
30.3677520300001,77.8531500000001,EPole: Selaqui_EPole
30.3676499700001,77.853303,EPole: Selaqui_EPole
30.3678819900001,77.853528,EPole: Selaqui_EPole
30.36800097,77.85336204,EPole: Selaqui_EPole
30.36837996,77.85396216,EPole: Selaqui_EPole
30.36813597,77.85375084,EPole: Selaqui_EPole
30.36825198,77.8535809200001,EPole: Selaqui_EPole
30.3685049700001,77.8538008800001,EPole: Selaqui_EPole
30.36862899,77.8541821200001,EPole: Selaqui_EPole
30.3687489600001,77.8540161600001,EPole: Selaqui_EPole
30.3689950200001,77.8542271200001,EPole: Selaqui_EPole
30.36912498,77.85459108,EPole: Selaqui_EPole
30.3692319900001,77.8544330400001,EPole: Selaqui_EPole
30.36995001,77.85505584,EPole: Selaqui_EPole
30.369852,77.8552401600001,EPole: Selaqui_EPole
30.36974301,77.85487692,EPole: Selaqui_EPole
30.3696170100001,77.8550360400001,EPole: Selaqui_EPole
30.3700930200001,77.8554511200001,EPole: Selaqui_EPole
30.3701689800001,77.8552470000001,EPole: Selaqui_EPole
30.3633939600001,77.8457559600001,EPole: Selaqui_EPole
30.3636060000001,77.84615304,EPole: Selaqui_EPole
30.3639840000001,77.8468618800001,EPole: Selaqui_EPole
30.36416904,77.8471898400001,EPole: Selaqui_EPole
30.3640380000001,77.84735004,EPole: Selaqui_EPole
30.3642849600001,77.84705088,EPole: Selaqui_EPole
30.3643839600001,77.84697816,EPole: Selaqui_EPole
30.36437604,77.8472229600001,EPole: Selaqui_EPole
30.3638750100001,77.8475080800001,EPole: Selaqui_EPole
30.3639660000001,77.8475790000001,EPole: Selaqui_EPole
30.36465801,77.84808696,EPole: Selaqui_EPole
30.3631669800001,77.8513039200001,EPole: Selaqui_EPole
30.3632199900001,77.85117288,EPole: Selaqui_EPole
30.36327003,77.8510148400001,EPole: Selaqui_EPole
30.36308796,77.8515440400001,EPole: Selaqui_EPole
30.36306303,77.8515890400001,EPole: Selaqui_EPole
30.36295899,77.85187812,EPole: Selaqui_EPole
30.3628529700001,77.8521690000001,EPole: Selaqui_EPole
30.36274902,77.8524541200001,EPole: Selaqui_EPole
30.36236301,77.85351288,EPole: Selaqui_EPole
30.3633430200001,77.8517650800001,EPole: Selaqui_EPole
30.36335202,77.8516761600001,EPole: Selaqui_EPole
30.36373902,77.8521099600001,EPole: Selaqui_EPole
30.36362202,77.85191088,EPole: Selaqui_EPole
30.36388599,77.8522431600001,EPole: Selaqui_EPole
30.3638959800001,77.8521430800001,EPole: Selaqui_EPole
30.364092,77.85241992,EPole: Selaqui_EPole
30.36415401,77.8523788800001,EPole: Selaqui_EPole
30.3643080000001,77.85261396,EPole: Selaqui_EPole
30.3644230200001,77.8526100000001,EPole: Selaqui_EPole
30.36495897,77.8530740400001,EPole: Selaqui_EPole
30.3652649700001,77.8533418800001,EPole: Selaqui_EPole
30.36545397,77.8536079200001,EPole: Selaqui_EPole
30.3654889800001,77.8535398800001,EPole: Selaqui_EPole
30.36575601,77.8537731600001,EPole: Selaqui_EPole
30.36628998,77.8542390000001,EPole: Selaqui_EPole
30.36643596,77.8544989200001,EPole: Selaqui_EPole
30.3665940000001,77.8542681600001,EPole: Selaqui_EPole
30.3667569900001,77.8540309200001,EPole: Selaqui_EPole
30.3669099900001,77.8538080800001,EPole: Selaqui_EPole
30.3660999900001,77.85498492,EPole: Selaqui_EPole
30.3659389800001,77.85522,EPole: Selaqui_EPole
30.36576897,77.8554691200001,EPole: Selaqui_EPole
30.3656120100001,77.8556959200001,EPole: Selaqui_EPole
30.36543498,77.85595584,EPole: Selaqui_EPole
30.3648920100001,77.8567330800001,EPole: Selaqui_EPole
30.36501603,77.8563878400001,EPole: Selaqui_EPole
30.3647619600001,77.8563428400001,EPole: Selaqui_EPole
30.36443202,77.8561570800001,EPole: Selaqui_EPole
30.3640119900001,77.8559320800001,EPole: Selaqui_EPole
30.36388401,77.8558579200001,EPole: Selaqui_EPole
30.363525,77.8555760400001,EPole: Selaqui_EPole
30.3635089800001,77.85556812,EPole: Selaqui_EPole
30.3632469900001,77.855508,EPole: Selaqui_EPole
30.3630090300001,77.8553769600001,EPole: Selaqui_EPole
30.3625649700001,77.8550540400001,EPole: Selaqui_EPole
30.3624209700001,77.8550529600001,EPole: Selaqui_EPole
30.3624,77.8549590000001,EPole: Selaqui_EPole
30.36210399,77.8548801600001,EPole: Selaqui_EPole
30.3617420100001,77.8547030400001,EPole: Selaqui_EPole
30.3612720300001,77.8544370000001,EPole: Selaqui_EPole
30.36118401,77.8544038800001,EPole: Selaqui_EPole
30.3611689800001,77.85439596,EPole: Selaqui_EPole
30.36113901,77.8543588800001,EPole: Selaqui_EPole
30.3610719600001,77.8543419600001,EPole: Selaqui_EPole
30.36105702,77.8543329600001,EPole: Selaqui_EPole
30.3608140200001,77.8541979600001,EPole: Selaqui_EPole
30.36049497,77.8540309200001,EPole: Selaqui_EPole
30.36013704,77.8537429200001,EPole: Selaqui_EPole
30.3601400100001,77.85228096,EPole: Selaqui_EPole
30.36018897,77.8522899600001,EPole: Selaqui_EPole
30.3604290000001,77.85241992,EPole: Selaqui_EPole
30.3611360400001,77.8528321200001,EPole: Selaqui_EPole
30.3613800300001,77.8529390400001,EPole: Selaqui_EPole
30.36164796,77.8530848400001,EPole: Selaqui_EPole
30.36159603,77.8529160000001,EPole: Selaqui_EPole
30.3618390300001,77.853213,EPole: Selaqui_EPole
30.3620940000001,77.8533260400001,EPole: Selaqui_EPole
30.36288699,77.8537620000001,EPole: Selaqui_EPole
30.36357,77.85416016,EPole: Selaqui_EPole
30.3636699900001,77.85418788,EPole: Selaqui_EPole
30.3639319800001,77.85433512,EPole: Selaqui_EPole
30.36412998,77.8544510400001,EPole: Selaqui_EPole
30.36419604,77.8544780400001,EPole: Selaqui_EPole
30.36445902,77.85462204,EPole: Selaqui_EPole
30.3649409700001,77.8550029200001,EPole: Selaqui_EPole
30.36515796,77.8552261200001,EPole: Selaqui_EPole
30.3653729700001,77.85544896,EPole: Selaqui_EPole
30.363885,77.85117612,EPole: Selaqui_EPole
30.3639849900001,77.8513449600001,EPole: Selaqui_EPole
30.36416103,77.85141588,EPole: Selaqui_EPole
30.3644619900001,77.8516790400001,EPole: Selaqui_EPole
30.36457998,77.8518669600001,EPole: Selaqui_EPole
30.36482298,77.8519771200001,EPole: Selaqui_EPole
30.36498498,77.85213588,EPole: Selaqui_EPole
30.3652629900001,77.8523770800001,EPole: Selaqui_EPole
30.36563604,77.8527838800001,EPole: Selaqui_EPole
30.36553704,77.85261396,EPole: Selaqui_EPole
30.3658110000001,77.85285516,EPole: Selaqui_EPole
30.36610197,77.8531039200001,EPole: Selaqui_EPole
30.3666360300001,77.85357408,EPole: Selaqui_EPole
30.37372299,77.8561009200001,EPole: Selaqui_EPole
30.3737830200001,77.8559788800001,EPole: Selaqui_EPole
30.3724610100001,77.85534312,EPole: Selaqui_EPole
30.3725809800001,77.8552189200001,EPole: Selaqui_EPole
30.371949,77.8555339200001,EPole: Selaqui_EPole
30.36722796,77.8512308400001,EPole: Selaqui_EPole
30.36767697,77.8525711200001,EPole: Selaqui_EPole
30.3676869600001,77.8525581600001,EPole: Selaqui_EPole
30.3677610300001,77.85245016,EPole: Selaqui_EPole
30.3677710200001,77.8524368400001,EPole: Selaqui_EPole
30.35911896,77.8489909200001,EPole: Selaqui_EPole
30.3591110400001,77.8490049600001,EPole: Selaqui_EPole
30.3592850100001,77.849091,EPole: Selaqui_EPole
30.3592740300001,77.84910684,EPole: Selaqui_EPole
30.35912697,77.84939016,EPole: Selaqui_EPole
30.37477599,77.8574221200001,EPole: Selaqui_EPole
30.37443003,77.85712692,EPole: Selaqui_EPole
30.37406301,77.8568209200001,EPole: Selaqui_EPole
30.3736809600001,77.85661608,EPole: Selaqui_EPole
30.37327299,77.8565149200001,EPole: Selaqui_EPole
30.37212801,77.8559641200001,EPole: Selaqui_EPole
30.3718079700001,77.8556790000001,EPole: Selaqui_EPole
30.37149099,77.8554079200001,EPole: Selaqui_EPole
30.3711750000001,77.85513288,EPole: Selaqui_EPole
30.3708459600001,77.85484596,EPole: Selaqui_EPole
30.3704980200001,77.85455004,EPole: Selaqui_EPole
29.7440751400001,78.48358655,EPole: SIDC_Balbhadrapur_EPOLE
29.7440267200001,78.4836760000001,EPole: SIDC_Balbhadrapur_EPOLE
29.7438763600001,78.48396562,EPole: SIDC_Balbhadrapur_EPOLE
29.7437383000001,78.4837704400001,EPole: SIDC_Balbhadrapur_EPOLE
29.7437213900001,78.4836979900001,EPole: SIDC_Balbhadrapur_EPOLE
29.7436709400001,78.48369224,EPole: SIDC_Balbhadrapur_EPOLE
29.74338936,78.4837614200001,EPole: SIDC_Balbhadrapur_EPOLE
29.7434199800001,78.4837957,EPole: SIDC_Balbhadrapur_EPOLE
29.74338068,78.4838862,EPole: SIDC_Balbhadrapur_EPOLE
29.7437244000001,78.4842592200001,EPole: SIDC_Balbhadrapur_EPOLE
29.7435822300001,78.4845377300001,EPole: SIDC_Balbhadrapur_EPOLE
29.74341415,78.48485271,EPole: SIDC_Balbhadrapur_EPOLE
29.7432523100001,78.4851627,EPole: SIDC_Balbhadrapur_EPOLE
29.74294594,78.4854241200001,EPole: SIDC_Balbhadrapur_EPOLE
29.7429394000001,78.48556711,EPole: SIDC_Balbhadrapur_EPOLE
29.7429317200001,78.4857779000001,EPole: SIDC_Balbhadrapur_EPOLE
29.7427307400001,78.4859164800001,EPole: SIDC_Balbhadrapur_EPOLE
29.74276681,78.4860964000001,EPole: SIDC_Balbhadrapur_EPOLE
29.7426459800001,78.48604886,EPole: SIDC_Balbhadrapur_EPOLE
29.74260122,78.4858649500001,EPole: SIDC_Balbhadrapur_EPOLE
29.7426395200001,78.4859931600001,EPole: SIDC_Balbhadrapur_EPOLE
29.7425913000001,78.4863550700001,EPole: SIDC_Balbhadrapur_EPOLE
29.7424464200001,78.4858839500001,EPole: SIDC_Balbhadrapur_EPOLE
29.74226822,78.4857430800001,EPole: SIDC_Balbhadrapur_EPOLE
29.74212822,78.48558139,EPole: SIDC_Balbhadrapur_EPOLE
29.74221192,78.4855164900001,EPole: SIDC_Balbhadrapur_EPOLE
29.7422351000001,78.4854249200001,EPole: SIDC_Balbhadrapur_EPOLE
29.7424206900001,78.48530444,EPole: SIDC_Balbhadrapur_EPOLE
29.74238404,78.4851342300001,EPole: SIDC_Balbhadrapur_EPOLE
29.7425195600001,78.4848760500001,EPole: SIDC_Balbhadrapur_EPOLE
29.7426777200001,78.4845746300001,EPole: SIDC_Balbhadrapur_EPOLE
29.74281498,78.4843055100001,EPole: SIDC_Balbhadrapur_EPOLE
29.74296667,78.4840227000001,EPole: SIDC_Balbhadrapur_EPOLE
29.74303776,78.4839113500001,EPole: SIDC_Balbhadrapur_EPOLE
29.7428498400001,78.4839355600001,EPole: SIDC_Balbhadrapur_EPOLE
29.74280105,78.48407652,EPole: SIDC_Balbhadrapur_EPOLE
29.74231702,78.4841019200001,EPole: SIDC_Balbhadrapur_EPOLE
29.74208651,78.48416726,EPole: SIDC_Balbhadrapur_EPOLE
29.74209088,78.4841868500001,EPole: SIDC_Balbhadrapur_EPOLE
29.7420368300001,78.4842265500001,EPole: SIDC_Balbhadrapur_EPOLE
29.7419324200001,78.48425474,EPole: SIDC_Balbhadrapur_EPOLE
29.7417099900001,78.4843282900001,EPole: SIDC_Balbhadrapur_EPOLE
29.74137219,78.4844356,EPole: SIDC_Balbhadrapur_EPOLE
29.7412196400001,78.48457532,EPole: SIDC_Balbhadrapur_EPOLE
29.7411709,78.48466281,EPole: SIDC_Balbhadrapur_EPOLE
29.74100127,78.4845482600001,EPole: SIDC_Balbhadrapur_EPOLE
29.7408835000001,78.48450725,EPole: SIDC_Balbhadrapur_EPOLE
29.7409873,78.4846627700001,EPole: SIDC_Balbhadrapur_EPOLE
29.74098028,78.4846827700001,EPole: SIDC_Balbhadrapur_EPOLE
29.7405713900001,78.48457933,EPole: SIDC_Balbhadrapur_EPOLE
29.7403589200001,78.4844797700001,EPole: SIDC_Balbhadrapur_EPOLE
29.74012135,78.48451484,EPole: SIDC_Balbhadrapur_EPOLE
29.7400503800001,78.4844571,EPole: SIDC_Balbhadrapur_EPOLE
29.74005363,78.4844383700001,EPole: SIDC_Balbhadrapur_EPOLE
29.7400022800001,78.4844322800001,EPole: SIDC_Balbhadrapur_EPOLE
29.7395333700001,78.4844391600001,EPole: SIDC_Balbhadrapur_EPOLE
29.7391410000001,78.4843442700001,EPole: SIDC_Balbhadrapur_EPOLE
29.7418634100001,78.4852343300001,EPole: SIDC_Balbhadrapur_EPOLE
29.7444083600001,78.48348106,EPole: SIDC_Balbhadrapur_EPOLE
29.74446636,78.4834238000001,EPole: SIDC_Balbhadrapur_EPOLE
29.8014150000001,77.94395345,EPole: SIDC_Landora_EPOLE
29.8014426600001,77.9439723500001,EPole: SIDC_Landora_EPOLE
29.80123565,77.9442703600001,EPole: SIDC_Landora_EPOLE
29.80118822,77.9445450000001,EPole: SIDC_Landora_EPOLE
29.8011459700001,77.94473114,EPole: SIDC_Landora_EPOLE
29.79839144,77.9453059900001,EPole: SIDC_Landora_EPOLE
29.7976775400001,77.94485754,EPole: SIDC_Landora_EPOLE
29.79742937,77.94469909,EPole: SIDC_Landora_EPOLE
29.79710892,77.9444981300001,EPole: SIDC_Landora_EPOLE
29.79607623,77.9448191800001,EPole: SIDC_Landora_EPOLE
29.7960393700001,77.9448609200001,EPole: SIDC_Landora_EPOLE
29.7959331500001,77.9450624900001,EPole: SIDC_Landora_EPOLE
29.79580314,77.9453114900001,EPole: SIDC_Landora_EPOLE
29.79567252,77.94555655,EPole: SIDC_Landora_EPOLE
29.7955402600001,77.9458073000001,EPole: SIDC_Landora_EPOLE
29.7954130800001,77.94605126,EPole: SIDC_Landora_EPOLE
29.79528034,77.94630707,EPole: SIDC_Landora_EPOLE
29.7951363500001,77.9465799700001,EPole: SIDC_Landora_EPOLE
29.7950156900001,77.94680959,EPole: SIDC_Landora_EPOLE
29.7955841,77.9442789500001,EPole: SIDC_Landora_EPOLE
29.7950415500001,77.94369534,EPole: SIDC_Landora_EPOLE
29.79476413,77.9441789300001,EPole: SIDC_Landora_EPOLE
29.79463838,77.9440236500001,EPole: SIDC_Landora_EPOLE
30.1224800110001,78.2858231710001,EPole: SIDC_Munikireti_EPole
30.1227305040001,78.285937258,EPole: SIDC_Munikireti_EPole
30.121946479,78.2853337450001,EPole: SIDC_Munikireti_EPole
30.23641102,79.2545504500001,EPole: SIDC_Tatasu_Mazadi_EPOLE
30.23854942,79.2522607600001,EPole: SIDC_Tatasu_Mazadi_EPOLE
30.23841043,79.25247833,EPole: SIDC_Tatasu_Mazadi_EPOLE
30.2382773300001,79.2526869600001,EPole: SIDC_Tatasu_Mazadi_EPOLE
30.2381146700001,79.2528601700001,EPole: SIDC_Tatasu_Mazadi_EPOLE
30.2377522100001,79.25324992,EPole: SIDC_Tatasu_Mazadi_EPOLE
30.2375688400001,79.25344691,EPole: SIDC_Tatasu_Mazadi_EPOLE
30.23812774,79.25320371,EPole: SIDC_Tatasu_Mazadi_EPOLE
30.23802334,79.25349493,EPole: SIDC_Tatasu_Mazadi_EPOLE
30.2376836,79.25428802,EPole: SIDC_Tatasu_Mazadi_EPOLE
30.2375535400001,79.2545201300001,EPole: SIDC_Tatasu_Mazadi_EPOLE
30.2375667200001,79.25454037,EPole: SIDC_Tatasu_Mazadi_EPOLE
30.23712031,79.25393417,EPole: SIDC_Tatasu_Mazadi_EPOLE
30.2368926300001,79.25414292,EPole: SIDC_Tatasu_Mazadi_EPOLE
30.2371390100001,79.2548010400001,EPole: SIDC_Tatasu_Mazadi_EPOLE
30.2369445100001,79.2548910200001,EPole: SIDC_Tatasu_Mazadi_EPOLE
30.2367312800001,79.25492941,EPole: SIDC_Tatasu_Mazadi_EPOLE
30.2367511200001,79.2549840400001,EPole: SIDC_Tatasu_Mazadi_EPOLE
30.2367648900001,79.2551619600001,EPole: SIDC_Tatasu_Mazadi_EPOLE
30.2366981700001,79.2542501300001,EPole: SIDC_Tatasu_Mazadi_EPOLE
30.2364100200001,79.25455614,EPole: SIDC_Tatasu_Mazadi_EPOLE
30.2364225900001,79.25454569,EPole: SIDC_Tatasu_Mazadi_EPOLE
30.23651332,79.25509021,EPole: SIDC_Tatasu_Mazadi_EPOLE
30.2362443700001,79.2551392400001,EPole: SIDC_Tatasu_Mazadi_EPOLE
30.2362863700001,79.2551952900001,EPole: SIDC_Tatasu_Mazadi_EPOLE
30.2359280900001,79.2549417100001,EPole: SIDC_Tatasu_Mazadi_EPOLE
30.2360436000001,79.2553084300001,EPole: SIDC_Tatasu_Mazadi_EPOLE
30.2356755800001,79.2549735900001,EPole: SIDC_Tatasu_Mazadi_EPOLE
30.2354360200001,79.2553066,EPole: SIDC_Tatasu_Mazadi_EPOLE
30.2361699200001,79.2564258,EPole: SIDC_Tatasu_Mazadi_EPOLE
30.2360888900001,79.2561744600001,EPole: SIDC_Tatasu_Mazadi_EPOLE
30.2360066700001,79.2559207100001,EPole: SIDC_Tatasu_Mazadi_EPOLE
30.23592116,79.25565486,EPole: SIDC_Tatasu_Mazadi_EPOLE
30.2358446900001,79.2554203400001,EPole: SIDC_Tatasu_Mazadi_EPOLE
30.2358408000001,79.2554050200001,EPole: SIDC_Tatasu_Mazadi_EPOLE
30.23581097,79.25530537,EPole: SIDC_Tatasu_Mazadi_EPOLE
30.23519157,79.2554915000001,EPole: SIDC_Tatasu_Mazadi_EPOLE
30.2349393700001,79.2556420000001,EPole: SIDC_Tatasu_Mazadi_EPOLE
30.23470021,79.2557175000001,EPole: SIDC_Tatasu_Mazadi_EPOLE
30.23469929,79.2557352900001,EPole: SIDC_Tatasu_Mazadi_EPOLE
30.2346535300001,79.25574177,EPole: SIDC_Tatasu_Mazadi_EPOLE
30.2344914600001,79.25577867,EPole: SIDC_Tatasu_Mazadi_EPOLE
30.2342023800001,79.2558487100001,EPole: SIDC_Tatasu_Mazadi_EPOLE
30.23421669,79.25586574,EPole: SIDC_Tatasu_Mazadi_EPOLE
30.23617275,79.2547442300001,EPole: SIDC_Tatasu_Mazadi_EPOLE
30.2338570900001,79.2559169400001,EPole: SIDC_Tatasu_Mazadi_EPOLE
30.2338584400001,79.25593538,EPole: SIDC_Tatasu_Mazadi_EPOLE
29.0183442314368,79.693247594781,EPole: Sitarganj_electric_pole
29.0210377207733,79.6943598796086,EPole: Sitarganj_electric_pole
