<?xml version="1.0" encoding="UTF-8"?>
<metadata xml:lang="en"><Esri><CreaDate>20210318</CreaDate><CreaTime>01173200</CreaTime><ArcGISFormat>1.0</ArcGISFormat><SyncOnce>TRUE</SyncOnce><DataProperties><lineage><Process ToolSource="c:\program files (x86)\arcgis\desktop10.5\ArcToolbox\Toolboxes\Data Management Tools.tbx\CalculateField" Date="20210318" Time="011732">CalculateField IIE_Kashipur(Escort_Farm) Sector "1" VB #</Process><Process ToolSource="c:\program files (x86)\arcgis\desktop10.5\ArcToolbox\Toolboxes\Data Management Tools.tbx\CalculateField" Date="20210318" Time="011824">CalculateField IIE_Kashipur(Escort_Farm) Sector "1" VB #</Process><Process ToolSource="c:\program files (x86)\arcgis\desktop10.5\ArcToolbox\Toolboxes\Data Management Tools.tbx\CalculateField" Date="20210318" Time="011832">CalculateField IIE_Kashipur(Escort_Farm) UID ""IKP_"+ [Sector]+ "_"+[Plot_No_1]" VB #</Process><Process ToolSource="c:\program files (x86)\arcgis\desktop10.5\ArcToolbox\Toolboxes\Data Management Tools.tbx\CalculateField" Date="20210318" Time="011848">CalculateField IIE_Kashipur(Escort_Farm) UID ""IKP_"+ [Sector]+ "_"+ [Plot_No]" VB #</Process></lineage></DataProperties></Esri></metadata>
