<?xml version="1.0" encoding="UTF-8"?>
<metadata xml:lang="en"><Esri><CreaDate>20210312</CreaDate><CreaTime>13055200</CreaTime><ArcGISFormat>1.0</ArcGISFormat><SyncOnce>TRUE</SyncOnce><DataProperties><lineage><Process ToolSource="c:\program files (x86)\arcgis\desktop10.6\ArcToolbox\Toolboxes\Data Management Tools.tbx\CopyFeatures" Date="20200306" Time="135420">CopyFeatures Stg_Plot_20022020_new_siidcul_1 "D:\Door_Step_GIS\GIZ\Final_report_outpit\GIZ_Final Report\Revised_IIE_Sitarganj.mdb\Vector\Stg_Plot_20022020_new_siidcul_1" # 0 0 0</Process><Process ToolSource="c:\program files (x86)\arcgis\desktop10.5\ArcToolbox\Toolboxes\Data Management Tools.tbx\CalculateField" Date="20210318" Time="012108">CalculateField IIE_Sitarganj UID [Stg_Plot_4] VB #</Process></lineage></DataProperties></Esri></metadata>
