<?xml version="1.0" encoding="UTF-8"?>
<metadata xml:lang="en"><Esri><CreaDate>20210312</CreaDate><CreaTime>12535100</CreaTime><ArcGISFormat>1.0</ArcGISFormat><SyncOnce>FALSE</SyncOnce><DataProperties><lineage><Process ToolSource="c:\program files (x86)\arcgis\desktop10.7\ArcToolbox\Toolboxes\Data Management Tools.tbx\CalculateField" Date="20191220" Time="143624">CalculateField Ptn_Plot_19122019 DifAcPo_Ar "[Shape_Area]- [Poss_Area]" VB #</Process><Process ToolSource="c:\program files (x86)\arcgis\desktop10.7\ArcToolbox\Toolboxes\Data Management Tools.tbx\CalculateField" Date="20191220" Time="143756">CalculateField Ptn_Plot_19122019 DifAcPo_Ar "[Actul_Area] - [Poss_Area]" VB #</Process><Process ToolSource="c:\program files (x86)\arcgis\desktop10.7\ArcToolbox\Toolboxes\Data Management Tools.tbx\CalculateField" Date="20191220" Time="143948">CalculateField Ptn_Plot_19122019 DifAcPo_Ar "[Shape_Area] - [Poss_Area]" VB #</Process><Process ToolSource="c:\program files (x86)\arcgis\desktop10.7\ArcToolbox\Toolboxes\Analysis Tools.tbx\Erase" Date="20191220" Time="154856">Erase Ptn_Plot_19122019 Tata_Vendor C:\Users\tomar\OneDrive\Documents\ArcGIS\Default.gdb\Tata_Vendor_Erase #</Process><Process ToolSource="c:\program files (x86)\arcgis\desktop10.7\ArcToolbox\Toolboxes\Data Management Tools.tbx\CalculateField" Date="20191221" Time="114048">CalculateField Ptn_Plot Actul_Area [Shape_Area] VB #</Process><Process ToolSource="c:\program files (x86)\arcgis\desktop10.7\ArcToolbox\Toolboxes\Data Management Tools.tbx\CalculateField" Date="20191221" Time="114201">CalculateField Ptn_Plot DifAcPo_Ar "[Actul_Area] - [Poss_Area]" VB #</Process><Process ToolSource="c:\program files (x86)\arcgis\desktop10.7\ArcToolbox\Toolboxes\Data Management Tools.tbx\CalculateField" Date="20191221" Time="115744">CalculateField Ptn_Plot DifAcPo_Ar "[Shape_Area] - [Poss_Area]" VB #</Process><Process ToolSource="c:\program files (x86)\arcgis\desktop10.7\ArcToolbox\Toolboxes\Data Management Tools.tbx\CalculateField" Date="20191223" Time="104735">CalculateField Ptn_Plot Connecti_1 "Connected" VB #</Process><Process ToolSource="c:\program files (x86)\arcgis\desktop10.7\ArcToolbox\Toolboxes\Data Management Tools.tbx\CalculateField" Date="20191223" Time="114713">CalculateField Ptn_Plot DifAcPo_Ar "[Shape_Area] - [Poss_Area]" VB #</Process><Process ToolSource="c:\program files (x86)\arcgis\desktop10.7\ArcToolbox\Toolboxes\Data Management Tools.tbx\CalculateField" Date="20191223" Time="115907">CalculateField Ptn_Plot DifAcPo_Ar "[Shape_Area] - [Poss_Area]" VB #</Process><Process ToolSource="c:\program files (x86)\arcgis\desktop10.7\ArcToolbox\Toolboxes\Data Management Tools.tbx\CalculateField" Date="20191223" Time="121205">CalculateField Ptn_Plot DifAcPo_Ar "[Shape_Area] - [Poss_Area]" VB #</Process><Process ToolSource="c:\program files (x86)\arcgis\desktop10.7\ArcToolbox\Toolboxes\Data Management Tools.tbx\CalculateField" Date="20191223" Time="121834">CalculateField Ptn_Plot DifAcPo_Ar "[Shape_Area] - [Poss_Area]" VB #</Process><Process ToolSource="c:\program files (x86)\arcgis\desktop10.7\ArcToolbox\Toolboxes\Data Management Tools.tbx\CalculateField" Date="20191223" Time="122405">CalculateField Ptn_Plot DifAcPo_Ar "[Shape_Area] - [Poss_Area]" VB #</Process><Process ToolSource="c:\program files (x86)\arcgis\desktop10.7\ArcToolbox\Toolboxes\Data Management Tools.tbx\CalculateField" Date="20191223" Time="122544">CalculateField Ptn_Plot DifAcPo_Ar "[Shape_Area] - [Poss_Area]" VB #</Process><Process ToolSource="c:\program files (x86)\arcgis\desktop10.7\ArcToolbox\Toolboxes\Data Management Tools.tbx\CalculateField" Date="20191223" Time="122950">CalculateField Ptn_Plot DifAcPo_Ar "[Shape_Area] - [Poss_Area]" VB #</Process><Process ToolSource="c:\program files (x86)\arcgis\desktop10.7\ArcToolbox\Toolboxes\Data Management Tools.tbx\CalculateField" Date="20191223" Time="123229">CalculateField Ptn_Plot DifAcPo_Ar "[Shape_Area] - [Poss_Area]" VB #</Process><Process ToolSource="c:\program files (x86)\arcgis\desktop10.7\ArcToolbox\Toolboxes\Data Management Tools.tbx\CalculateField" Date="20191223" Time="123333">CalculateField Ptn_Plot DifAcPo_Ar "[Shape_Area] - [Poss_Area]" VB #</Process><Process ToolSource="c:\program files (x86)\arcgis\desktop10.7\ArcToolbox\Toolboxes\Data Management Tools.tbx\CalculateField" Date="20191223" Time="124016">CalculateField Ptn_Plot DifAcPo_Ar "[Shape_Area] - [Poss_Area]" VB #</Process><Process ToolSource="c:\program files (x86)\arcgis\desktop10.7\ArcToolbox\Toolboxes\Data Management Tools.tbx\CalculateField" Date="20191223" Time="124759">CalculateField Ptn_Plot DifAcPo_Ar "[Shape_Area] - [Poss_Area]" VB #</Process><Process ToolSource="c:\program files (x86)\arcgis\desktop10.7\ArcToolbox\Toolboxes\Data Management Tools.tbx\CalculateField" Date="20191223" Time="125003">CalculateField Ptn_Plot DifAcPo_Ar "[Shape_Area] - [Poss_Area]" VB #</Process><Process ToolSource="c:\program files (x86)\arcgis\desktop10.7\ArcToolbox\Toolboxes\Data Management Tools.tbx\CalculateField" Date="20191223" Time="130617">CalculateField Ptn_Plot DifAcPo_Ar "[Shape_Area] - [Poss_Area]" VB #</Process><Process ToolSource="c:\program files (x86)\arcgis\desktop10.7\ArcToolbox\Toolboxes\Data Management Tools.tbx\CalculateField" Date="20191223" Time="130637">CalculateField Ptn_Plot DifAcPo_Ar "[Shape_Area] - [Poss_Area]" VB #</Process><Process ToolSource="c:\program files (x86)\arcgis\desktop10.7\ArcToolbox\Toolboxes\Data Management Tools.tbx\CalculateField" Date="20191223" Time="131006">CalculateField Ptn_Plot DifAcPo_Ar "[Shape_Area] - [Poss_Area]" VB #</Process><Process ToolSource="c:\program files (x86)\arcgis\desktop10.7\ArcToolbox\Toolboxes\Data Management Tools.tbx\CalculateField" Date="20191223" Time="131222">CalculateField Ptn_Plot DifAcPo_Ar "[Shape_Area] - [Poss_Area]" VB #</Process><Process ToolSource="c:\program files (x86)\arcgis\desktop10.7\ArcToolbox\Toolboxes\Data Management Tools.tbx\CalculateField" Date="20191223" Time="131342">CalculateField Ptn_Plot DifAcPo_Ar "[Shape_Area] - [Poss_Area]" VB #</Process><Process ToolSource="c:\program files (x86)\arcgis\desktop10.7\ArcToolbox\Toolboxes\Data Management Tools.tbx\CalculateField" Date="20191223" Time="131539">CalculateField Ptn_Plot DifAcPo_Ar "[Shape_Area] - [Poss_Area]" VB #</Process><Process ToolSource="c:\program files (x86)\arcgis\desktop10.7\ArcToolbox\Toolboxes\Data Management Tools.tbx\CalculateField" Date="20191223" Time="132623">CalculateField Ptn_Plot DifAcPo_Ar "[Shape_Area] - [Poss_Area]" VB #</Process><Process ToolSource="c:\program files (x86)\arcgis\desktop10.7\ArcToolbox\Toolboxes\Data Management Tools.tbx\CalculateField" Date="20191223" Time="132704">CalculateField Ptn_Plot DifAcPo_Ar "[Shape_Area] - [Poss_Area]" VB #</Process><Process ToolSource="c:\program files (x86)\arcgis\desktop10.7\ArcToolbox\Toolboxes\Data Management Tools.tbx\CalculateField" Date="20191223" Time="132826">CalculateField Ptn_Plot DifAcPo_Ar "[Shape_Area] - [Poss_Area]" VB #</Process><Process ToolSource="c:\program files (x86)\arcgis\desktop10.7\ArcToolbox\Toolboxes\Data Management Tools.tbx\CalculateField" Date="20191223" Time="150119">CalculateField Ptn_Plot DifAcPo_Ar "[Shape_Area] - [Poss_Area]" VB #</Process><Process ToolSource="c:\program files (x86)\arcgis\desktop10.7\ArcToolbox\Toolboxes\Data Management Tools.tbx\CalculateField" Date="20191223" Time="150230">CalculateField Ptn_Plot DifAcPo_Ar "[Shape_Area] - [Poss_Area]" VB #</Process><Process ToolSource="c:\program files (x86)\arcgis\desktop10.7\ArcToolbox\Toolboxes\Data Management Tools.tbx\CalculateField" Date="20191223" Time="153553">CalculateField Ptn_Plot DifAcPo_Ar "[Shape_Area] - [Poss_Area]" VB #</Process><Process ToolSource="c:\program files (x86)\arcgis\desktop10.7\ArcToolbox\Toolboxes\Data Management Tools.tbx\CalculateField" Date="20191223" Time="155022">CalculateField Ptn_Plot DifAcPo_Ar "[Shape_Area] - [Poss_Area]" VB #</Process><Process ToolSource="c:\program files (x86)\arcgis\desktop10.7\ArcToolbox\Toolboxes\Data Management Tools.tbx\CalculateField" Date="20191223" Time="155143">CalculateField Ptn_Plot DifAcPo_Ar "[Shape_Area] - [Poss_Area]" VB #</Process><Process ToolSource="c:\program files (x86)\arcgis\desktop10.7\ArcToolbox\Toolboxes\Data Management Tools.tbx\CalculateField" Date="20191223" Time="155229">CalculateField Ptn_Plot DifAcPo_Ar "[Shape_Area] - [Poss_Area]" VB #</Process><Process ToolSource="c:\program files (x86)\arcgis\desktop10.7\ArcToolbox\Toolboxes\Data Management Tools.tbx\CalculateField" Date="20191223" Time="160250">CalculateField Ptn_Plot DifAcPo_Ar "[Shape_Area] - [Poss_Area]" VB #</Process><Process ToolSource="c:\program files (x86)\arcgis\desktop10.7\ArcToolbox\Toolboxes\Data Management Tools.tbx\CalculateField" Date="20191223" Time="160952">CalculateField Ptn_Plot DifAcPo_Ar "[Shape_Area] - [Poss_Area]" VB #</Process><Process ToolSource="c:\program files (x86)\arcgis\desktop10.7\ArcToolbox\Toolboxes\Data Management Tools.tbx\CalculateField" Date="20191223" Time="162017">CalculateField Ptn_Plot DifAcPo_Ar "[Shape_Area] - [Poss_Area]" VB #</Process><Process ToolSource="c:\program files (x86)\arcgis\desktop10.7\ArcToolbox\Toolboxes\Data Management Tools.tbx\CalculateField" Date="20191226" Time="145717">CalculateField Ptn_Plot DifAcPo_Ar "[Shape_Area] - [Poss_Area]" VB #</Process><Process ToolSource="c:\program files (x86)\arcgis\desktop10.7\ArcToolbox\Toolboxes\Data Management Tools.tbx\CalculateField" Date="20191226" Time="145942">CalculateField Ptn_Plot DifAcPo_Ar "[Shape_Area] - [Poss_Area]" VB #</Process><Process ToolSource="c:\program files (x86)\arcgis\desktop10.7\ArcToolbox\Toolboxes\Data Management Tools.tbx\CalculateField" Date="20191228" Time="170142">CalculateField Ptn_Nat_Project Nature_Ind "Auto Component" VB #</Process><Process ToolSource="c:\program files (x86)\arcgis\desktop10.7\ArcToolbox\Toolboxes\Data Management Tools.tbx\CalculateField" Date="20200108" Time="115935">CalculateField Ptn_Plot UID ""Ptn_"+ [Sector]+"_"+ [Plot_no]" VB #</Process><Process ToolSource="c:\program files (x86)\arcgis\desktop10.7\ArcToolbox\Toolboxes\Data Management Tools.tbx\CalculateField" Date="20200108" Time="124018">CalculateField Ptn_Plot WC_G "[Waste_Wt_G]- [Water_Cons]" VB #</Process><Process ToolSource="c:\program files (x86)\arcgis\desktop10.7\ArcToolbox\Toolboxes\Data Management Tools.tbx\CalculateField" Date="20200108" Time="124049">CalculateField Ptn_Plot WC_G [Water_Cons]-[Waste_Wt_G] VB #</Process><Process ToolSource="c:\program files (x86)\arcgis\desktop10.7\ArcToolbox\Toolboxes\Data Management Tools.tbx\CalculateField" Date="20200108" Time="124304">CalculateField Ptn_Plot all_date [Allot_Date] VB #</Process><Process ToolSource="c:\program files (x86)\arcgis\desktop10.7\ArcToolbox\Toolboxes\Data Management Tools.tbx\CalculateField" Date="20200108" Time="124400">CalculateField Ptn_Plot Allot_Date [all_date] VB #</Process><Process ToolSource="c:\program files (x86)\arcgis\desktop10.7\ArcToolbox\Toolboxes\Data Management Tools.tbx\CalculateField" Date="20200108" Time="124418">CalculateField Ptn_Plot Lease_Due [Allot_Date]+60 VB #</Process><Process ToolSource="c:\program files (x86)\arcgis\desktop10.7\ArcToolbox\Toolboxes\Data Management Tools.tbx\CalculateField" Date="20200109" Time="125547">CalculateField Ptn_Plot08012020 Plot_No [Plot_no_1] VB #</Process><Process ToolSource="c:\program files (x86)\arcgis\desktop10.7\ArcToolbox\Toolboxes\Data Management Tools.tbx\CalculateField" Date="20200109" Time="162447">CalculateField Ptn_Plot08012020 PCB__Categ1 "Orange" VB #</Process><Process ToolSource="c:\program files (x86)\arcgis\desktop10.6\ArcToolbox\Toolboxes\Data Management Tools.tbx\CopyFeatures" Date="20200123" Time="153915">CopyFeatures Ptn_Plot23012020shp "D:\Door_Step_GIS\GIZ\Pant_nagar\Ptn_plot_23012020\New File Geodatabase.gdb\Vector\Ptn_Plot23012020shp" # 0 0 0</Process><Process ToolSource="c:\program files (x86)\arcgis\desktop10.6\ArcToolbox\Toolboxes\Data Management Tools.tbx\CalculateField" Date="20200124" Time="152331">CalculateField Ptn_Plot23012020shp UID [UID1] VB #</Process><Process ToolSource="c:\program files (x86)\arcgis\desktop10.6\ArcToolbox\Toolboxes\Data Management Tools.tbx\CalculateField" Date="20200124" Time="152438">CalculateField Ptn_Plot23012020shp UID [UID1] VB #</Process><Process ToolSource="c:\program files (x86)\arcgis\desktop10.6\ArcToolbox\Toolboxes\Data Management Tools.tbx\CalculateField" Date="20200124" Time="155216">CalculateField Ptn_Plot23012020shp PCB_Reg [PCB_Reg1] VB #</Process><Process ToolSource="c:\program files (x86)\arcgis\desktop10.6\ArcToolbox\Toolboxes\Data Management Tools.tbx\CalculateField" Date="20200124" Time="155225">CalculateField Ptn_Plot23012020shp PCB_ID [PCB_ID1] VB #</Process><Process ToolSource="c:\program files (x86)\arcgis\desktop10.6\ArcToolbox\Toolboxes\Data Management Tools.tbx\CalculateField" Date="20200124" Time="155305">CalculateField Ptn_Plot23012020shp PCB_Id [PCB_ID1] VB #</Process><Process ToolSource="c:\program files (x86)\arcgis\desktop10.6\ArcToolbox\Toolboxes\Data Management Tools.tbx\CalculateField" Date="20200124" Time="155327">CalculateField Ptn_Plot23012020shp CETP_Conn [Connecti_1] VB #</Process><Process ToolSource="c:\program files (x86)\arcgis\desktop10.6\ArcToolbox\Toolboxes\Data Management Tools.tbx\CalculateField" Date="20200124" Time="155401">CalculateField Ptn_Plot23012020shp Mobile [Mobile_No1] VB #</Process><Process ToolSource="c:\program files (x86)\arcgis\desktop10.6\ArcToolbox\Toolboxes\Data Management Tools.tbx\CalculateField" Date="20200124" Time="155504">CalculateField Ptn_Plot23012020shp Mobile [Mobile_No1] VB #</Process><Process ToolSource="c:\program files (x86)\arcgis\desktop10.6\ArcToolbox\Toolboxes\Data Management Tools.tbx\CalculateField" Date="20200124" Time="155517">CalculateField Ptn_Plot23012020shp Email [Email_Id1] VB #</Process><Process ToolSource="c:\program files (x86)\arcgis\desktop10.6\ArcToolbox\Toolboxes\Data Management Tools.tbx\CalculateField" Date="20200124" Time="155557">CalculateField Ptn_Plot23012020shp Email_Id [Email_Id1] VB #</Process><Process ToolSource="c:\program files (x86)\arcgis\desktop10.6\ArcToolbox\Toolboxes\Data Management Tools.tbx\CalculateField" Date="20200124" Time="155711">CalculateField Ptn_Plot23012020shp UK_Emp [UK_Emp1] VB #</Process><Process ToolSource="c:\program files (x86)\arcgis\desktop10.6\ArcToolbox\Toolboxes\Data Management Tools.tbx\CalculateField" Date="20200124" Time="160006">CalculateField Ptn_Plot23012020shp PCB_Categ [PCB__Catg] VB #</Process><Process ToolSource="c:\program files (x86)\arcgis\desktop10.6\ArcToolbox\Toolboxes\Data Management Tools.tbx\CalculateField" Date="20200124" Time="160111">CalculateField Ptn_Plot23012020shp Poss_Date [Poss_Date1] VB #</Process><Process ToolSource="c:\program files (x86)\arcgis\desktop10.6\ArcToolbox\Toolboxes\Data Management Tools.tbx\CalculateField" Date="20200124" Time="160141">CalculateField Ptn_Plot23012020shp Lease_Date [Lease_Date] VB #</Process><Process ToolSource="c:\program files (x86)\arcgis\desktop10.6\ArcToolbox\Toolboxes\Data Management Tools.tbx\CalculateField" Date="20200124" Time="160201">CalculateField Ptn_Plot23012020shp Lease_Date [Date_Lease] VB #</Process><Process ToolSource="c:\program files (x86)\arcgis\desktop10.6\ArcToolbox\Toolboxes\Data Management Tools.tbx\CalculateField" Date="20200124" Time="160221">CalculateField Ptn_Plot23012020shp Plt_Status [Status] VB #</Process><Process ToolSource="c:\program files (x86)\arcgis\desktop10.6\ArcToolbox\Toolboxes\Data Management Tools.tbx\CalculateField" Date="20200124" Time="160236">CalculateField Ptn_Plot23012020shp Sec_No [Status] VB #</Process><Process ToolSource="c:\program files (x86)\arcgis\desktop10.6\ArcToolbox\Toolboxes\Data Management Tools.tbx\CalculateField" Date="20200124" Time="160249">CalculateField Ptn_Plot23012020shp Sec_No [Sector] VB #</Process><Process ToolSource="c:\program files (x86)\arcgis\desktop10.6\ArcToolbox\Toolboxes\Data Management Tools.tbx\CalculateField" Date="20200124" Time="161204">CalculateField Ptn_Plot23012020shp DifLe_Alda "[Lease_Date]- [Allot_Date]" VB #</Process><Process ToolSource="c:\program files (x86)\arcgis\desktop10.6\ArcToolbox\Toolboxes\Data Management Tools.tbx\CalculateField" Date="20200124" Time="161349">CalculateField Ptn_Plot23012020shp WC_G "[Water_Cons]- [Waste_Wt_G]" VB #</Process><Process ToolSource="c:\program files (x86)\arcgis\desktop10.6\ArcToolbox\Toolboxes\Conversion Tools.tbx\FeatureClassToFeatureClass" Date="20200124" Time="161627">FeatureClassToFeatureClass "D:\Door_Step_GIS\GIZ\Pant_nagar\Ptn_plot_23012020\New File Geodatabase.gdb\Vector\Ptn_Plot23012020shp" D:\Door_Step_GIS\GIZ\Pant_nagar\Ptn_plot_24012020 ptn_plot_40120202.shp # "OBJECTID "OBJECTID" true true false 4 Long 0 0 ,First,#,D:\Door_Step_GIS\GIZ\Pant_nagar\Ptn_plot_23012020\New File Geodatabase.gdb\Vector\Ptn_Plot23012020shp,OBJECTID,-1,-1;Poss_Ar "Poss_Area" true true false 4 Float 0 0 ,First,#,D:\Door_Step_GIS\GIZ\Pant_nagar\Ptn_plot_23012020\New File Geodatabase.gdb\Vector\Ptn_Plot23012020shp,Poss_Ar,-1,-1;Alias "Alias" true true false 50 Text 0 0 ,First,#,D:\Door_Step_GIS\GIZ\Pant_nagar\Ptn_plot_23012020\New File Geodatabase.gdb\Vector\Ptn_Plot23012020shp,Alias,-1,-1;Layers "Layers" true true false 50 Text 0 0 ,First,#,D:\Door_Step_GIS\GIZ\Pant_nagar\Ptn_plot_23012020\New File Geodatabase.gdb\Vector\Ptn_Plot23012020shp,Layers,-1,-1;Indst_Deta "Indst_Type" true true false 254 Text 0 0 ,First,#,D:\Door_Step_GIS\GIZ\Pant_nagar\Ptn_plot_23012020\New File Geodatabase.gdb\Vector\Ptn_Plot23012020shp,Indst_Detail,-1,-1;Allot_Ar "Allot_Area" true true false 8 Double 0 0 ,First,#,D:\Door_Step_GIS\GIZ\Pant_nagar\Ptn_plot_23012020\New File Geodatabase.gdb\Vector\Ptn_Plot23012020shp,Allot_Ar,-1,-1;Prop_Prod "Prop_Prod1" true true false 254 Text 0 0 ,First,#,D:\Door_Step_GIS\GIZ\Pant_nagar\Ptn_plot_23012020\New File Geodatabase.gdb\Vector\Ptn_Plot23012020shp,Prop_Prod,-1,-1;Prop_Invs "Prop_Invs" true true false 8 Double 0 0 ,First,#,D:\Door_Step_GIS\GIZ\Pant_nagar\Ptn_plot_23012020\New File Geodatabase.gdb\Vector\Ptn_Plot23012020shp,Prop_Invs,-1,-1;Lease_Deed "Lease_Deed" true true false 254 Text 0 0 ,First,#,D:\Door_Step_GIS\GIZ\Pant_nagar\Ptn_plot_23012020\New File Geodatabase.gdb\Vector\Ptn_Plot23012020shp,Lease_Deed,-1,-1;Poss1 "Poss1" true true false 254 Text 0 0 ,First,#,D:\Door_Step_GIS\GIZ\Pant_nagar\Ptn_plot_23012020\New File Geodatabase.gdb\Vector\Ptn_Plot23012020shp,Poss1,-1,-1;Comment "Comment" true true false 254 Text 0 0 ,First,#,D:\Door_Step_GIS\GIZ\Pant_nagar\Ptn_plot_23012020\New File Geodatabase.gdb\Vector\Ptn_Plot23012020shp,Comment,-1,-1;PlotMS "PlotMS" true true false 30 Text 0 0 ,First,#,D:\Door_Step_GIS\GIZ\Pant_nagar\Ptn_plot_23012020\New File Geodatabase.gdb\Vector\Ptn_Plot23012020shp,PlotMS,-1,-1;DifAlSa_Ar "DifAlAc_Ar" true true false 4 Float 0 0 ,First,#,D:\Door_Step_GIS\GIZ\Pant_nagar\Ptn_plot_23012020\New File Geodatabase.gdb\Vector\Ptn_Plot23012020shp,DifAlSa_Ar,-1,-1;Status "Status" true true false 30 Text 0 0 ,First,#,D:\Door_Step_GIS\GIZ\Pant_nagar\Ptn_plot_23012020\New File Geodatabase.gdb\Vector\Ptn_Plot23012020shp,Status,-1,-1;Indus_Type "Type" true true false 30 Text 0 0 ,First,#,D:\Door_Step_GIS\GIZ\Pant_nagar\Ptn_plot_23012020\New File Geodatabase.gdb\Vector\Ptn_Plot23012020shp,Indus_Type,-1,-1;Allote_Na "Comp_Name" true true false 50 Text 0 0 ,First,#,D:\Door_Step_GIS\GIZ\Pant_nagar\Ptn_plot_23012020\New File Geodatabase.gdb\Vector\Ptn_Plot23012020shp,Allote_Na,-1,-1;Prod_Cap "Prod_Cap" true true false 200 Text 0 0 ,First,#,D:\Door_Step_GIS\GIZ\Pant_nagar\Ptn_plot_23012020\New File Geodatabase.gdb\Vector\Ptn_Plot23012020shp,Prod_Cap,-1,-1;Status_Dt "Status_Dt" true true false 15 Text 0 0 ,First,#,D:\Door_Step_GIS\GIZ\Pant_nagar\Ptn_plot_23012020\New File Geodatabase.gdb\Vector\Ptn_Plot23012020shp,Status_Dt,-1,-1;Occupancy "Occupancy" true true false 5 Text 0 0 ,First,#,D:\Door_Step_GIS\GIZ\Pant_nagar\Ptn_plot_23012020\New File Geodatabase.gdb\Vector\Ptn_Plot23012020shp,Occupancy,-1,-1;Waste_Wt_G "Waste_Wt_G" true true false 4 Float 0 0 ,First,#,D:\Door_Step_GIS\GIZ\Pant_nagar\Ptn_plot_23012020\New File Geodatabase.gdb\Vector\Ptn_Plot23012020shp,Waste_Wt_G,-1,-1;Water_Cons "Water_Cons" true true false 4 Float 0 0 ,First,#,D:\Door_Step_GIS\GIZ\Pant_nagar\Ptn_plot_23012020\New File Geodatabase.gdb\Vector\Ptn_Plot23012020shp,Water_Cons,-1,-1;Extn_Date "Extn_Date" true true false 30 Text 0 0 ,First,#,D:\Door_Step_GIS\GIZ\Pant_nagar\Ptn_plot_23012020\New File Geodatabase.gdb\Vector\Ptn_Plot23012020shp,Extn_Date,-1,-1;Nature_Ind "Nature_Ind" true true false 50 Text 0 0 ,First,#,D:\Door_Step_GIS\GIZ\Pant_nagar\Ptn_plot_23012020\New File Geodatabase.gdb\Vector\Ptn_Plot23012020shp,Nature_Ind,-1,-1;DifSaPo_Ar "DifAcPo_Ar" true true false 4 Float 0 0 ,First,#,D:\Door_Step_GIS\GIZ\Pant_nagar\Ptn_plot_23012020\New File Geodatabase.gdb\Vector\Ptn_Plot23012020shp,DifSaPo_Ar,-1,-1;DifPoAl_Ar "DifPoAl_Ar" true true false 4 Float 0 0 ,First,#,D:\Door_Step_GIS\GIZ\Pant_nagar\Ptn_plot_23012020\New File Geodatabase.gdb\Vector\Ptn_Plot23012020shp,DifPoAl_Ar,-1,-1;Constitutn "Constitutn" true true false 30 Text 0 0 ,First,#,D:\Door_Step_GIS\GIZ\Pant_nagar\Ptn_plot_23012020\New File Geodatabase.gdb\Vector\Ptn_Plot23012020shp,Constitutn,-1,-1;Shape_Leng "Shape_Leng" true true false 8 Double 0 0 ,First,#,D:\Door_Step_GIS\GIZ\Pant_nagar\Ptn_plot_23012020\New File Geodatabase.gdb\Vector\Ptn_Plot23012020shp,Shape_Leng,-1,-1;RMK121219 "RMK121219" true true false 50 Text 0 0 ,First,#,D:\Door_Step_GIS\GIZ\Pant_nagar\Ptn_plot_23012020\New File Geodatabase.gdb\Vector\Ptn_Plot23012020shp,RMK121219,-1,-1;Remarks "Remarks" true true false 254 Text 0 0 ,First,#,D:\Door_Step_GIS\GIZ\Pant_nagar\Ptn_plot_23012020\New File Geodatabase.gdb\Vector\Ptn_Plot23012020shp,Remarks,-1,-1;Plot_Area "Plot_Area" true true false 4 Long 0 0 ,First,#,D:\Door_Step_GIS\GIZ\Pant_nagar\Ptn_plot_23012020\New File Geodatabase.gdb\Vector\Ptn_Plot23012020shp,Plot_Area,-1,-1;Address_1 "Address_1" true true false 254 Text 0 0 ,First,#,D:\Door_Step_GIS\GIZ\Pant_nagar\Ptn_plot_23012020\New File Geodatabase.gdb\Vector\Ptn_Plot23012020shp,Address_1,-1,-1;AgreementS "AgreementS" true true false 254 Text 0 0 ,First,#,D:\Door_Step_GIS\GIZ\Pant_nagar\Ptn_plot_23012020\New File Geodatabase.gdb\Vector\Ptn_Plot23012020shp,AgreementS,-1,-1;Connecti_1 "Connecti_1" true true false 254 Text 0 0 ,First,#,D:\Door_Step_GIS\GIZ\Pant_nagar\Ptn_plot_23012020\New File Geodatabase.gdb\Vector\Ptn_Plot23012020shp,Connecti_1,-1,-1;Shape_Le_1 "Shape_Le_1" true true false 8 Double 0 0 ,First,#,D:\Door_Step_GIS\GIZ\Pant_nagar\Ptn_plot_23012020\New File Geodatabase.gdb\Vector\Ptn_Plot23012020shp,Shape_Le_1,-1,-1;RMK0701202 "RMK0701202" true true false 50 Text 0 0 ,First,#,D:\Door_Step_GIS\GIZ\Pant_nagar\Ptn_plot_23012020\New File Geodatabase.gdb\Vector\Ptn_Plot23012020shp,RMK0701202,-1,-1;DifP_AlPo "DifP_AlPo" true true false 4 Float 0 0 ,First,#,D:\Door_Step_GIS\GIZ\Pant_nagar\Ptn_plot_23012020\New File Geodatabase.gdb\Vector\Ptn_Plot23012020shp,DifP_AlPo,-1,-1;WC_G "WC_G" true true false 4 Float 0 0 ,First,#,D:\Door_Step_GIS\GIZ\Pant_nagar\Ptn_plot_23012020\New File Geodatabase.gdb\Vector\Ptn_Plot23012020shp,WC_G,-1,-1;Lease_Due "Lease_Due" true true false 8 Date 0 0 ,First,#,D:\Door_Step_GIS\GIZ\Pant_nagar\Ptn_plot_23012020\New File Geodatabase.gdb\Vector\Ptn_Plot23012020shp,Lease_Due,-1,-1;Allot_Date "Allot_Date" true true false 8 Date 0 0 ,First,#,D:\Door_Step_GIS\GIZ\Pant_nagar\Ptn_plot_23012020\New File Geodatabase.gdb\Vector\Ptn_Plot23012020shp,Allot_Date,-1,-1;Shape_Le_2 "Shape_Le_2" true true false 8 Double 0 0 ,First,#,D:\Door_Step_GIS\GIZ\Pant_nagar\Ptn_plot_23012020\New File Geodatabase.gdb\Vector\Ptn_Plot23012020shp,Shape_Le_2,-1,-1;Plot_No "Plot_No" true true false 40 Text 0 0 ,First,#,D:\Door_Step_GIS\GIZ\Pant_nagar\Ptn_plot_23012020\New File Geodatabase.gdb\Vector\Ptn_Plot23012020shp,Plot_No,-1,-1;Shape_Le_3 "Shape_Le_3" false true true 8 Double 0 0 ,First,#,D:\Door_Step_GIS\GIZ\Pant_nagar\Ptn_plot_23012020\New File Geodatabase.gdb\Vector\Ptn_Plot23012020shp,Shape_Length,-1,-1;Shape_Area "Shape_Area" false true true 8 Double 0 0 ,First,#,D:\Door_Step_GIS\GIZ\Pant_nagar\Ptn_plot_23012020\New File Geodatabase.gdb\Vector\Ptn_Plot23012020shp,Shape_Area,-1,-1;UID "UID" true true false 30 Text 0 0 ,First,#,D:\Door_Step_GIS\GIZ\Pant_nagar\Ptn_plot_23012020\New File Geodatabase.gdb\Vector\Ptn_Plot23012020shp,UID,-1,-1;Sec_No "Sec_No." true true false 10 Text 0 0 ,First,#,D:\Door_Step_GIS\GIZ\Pant_nagar\Ptn_plot_23012020\New File Geodatabase.gdb\Vector\Ptn_Plot23012020shp,Sec_No,-1,-1;Plt_Status "Plt_Status" true true false 20 Text 0 0 ,First,#,D:\Door_Step_GIS\GIZ\Pant_nagar\Ptn_plot_23012020\New File Geodatabase.gdb\Vector\Ptn_Plot23012020shp,Plt_Status,-1,-1;Lease_Date "Lease_Date" true true false 8 Date 0 0 ,First,#,D:\Door_Step_GIS\GIZ\Pant_nagar\Ptn_plot_23012020\New File Geodatabase.gdb\Vector\Ptn_Plot23012020shp,Lease_Date,-1,-1;Poss_Date "Poss_Date" true true false 8 Date 0 0 ,First,#,D:\Door_Step_GIS\GIZ\Pant_nagar\Ptn_plot_23012020\New File Geodatabase.gdb\Vector\Ptn_Plot23012020shp,Poss_Date,-1,-1;PCB_Categ "PCB_Categ" true true false 10 Text 0 0 ,First,#,D:\Door_Step_GIS\GIZ\Pant_nagar\Ptn_plot_23012020\New File Geodatabase.gdb\Vector\Ptn_Plot23012020shp,PCB_Categ,-1,-1;Wom_Emp "Wom_Emp" true true false 2 Short 0 0 ,First,#,D:\Door_Step_GIS\GIZ\Pant_nagar\Ptn_plot_23012020\New File Geodatabase.gdb\Vector\Ptn_Plot23012020shp,Wom_Emp,-1,-1;CETP_Conn "CETP_Conn" true true false 10 Text 0 0 ,First,#,D:\Door_Step_GIS\GIZ\Pant_nagar\Ptn_plot_23012020\New File Geodatabase.gdb\Vector\Ptn_Plot23012020shp,CETP_Conn,-1,-1;PCB_Reg "PCB_Reg" true true false 5 Text 0 0 ,First,#,D:\Door_Step_GIS\GIZ\Pant_nagar\Ptn_plot_23012020\New File Geodatabase.gdb\Vector\Ptn_Plot23012020shp,PCB_Reg,-1,-1;PCB_Id "PCB_Id" true true false 30 Text 0 0 ,First,#,D:\Door_Step_GIS\GIZ\Pant_nagar\Ptn_plot_23012020\New File Geodatabase.gdb\Vector\Ptn_Plot23012020shp,PCB_Id,-1,-1;Mobile "Mobile" true true false 50 Text 0 0 ,First,#,D:\Door_Step_GIS\GIZ\Pant_nagar\Ptn_plot_23012020\New File Geodatabase.gdb\Vector\Ptn_Plot23012020shp,Mobile,-1,-1;Email_Id "Email_Id" true true false 70 Text 0 0 ,First,#,D:\Door_Step_GIS\GIZ\Pant_nagar\Ptn_plot_23012020\New File Geodatabase.gdb\Vector\Ptn_Plot23012020shp,Email_Id,-1,-1;DifLe_Alda "DifLe_Alda" true true false 2 Short 0 0 ,First,#,D:\Door_Step_GIS\GIZ\Pant_nagar\Ptn_plot_23012020\New File Geodatabase.gdb\Vector\Ptn_Plot23012020shp,DifLe_Alda,-1,-1" #</Process><Process ToolSource="c:\program files (x86)\arcgis\desktop10.6\ArcToolbox\Toolboxes\Data Management Tools.tbx\CalculateField" Date="20200207" Time="104453">CalculateField ptn_plot_40120202 All [Allot_Ar] VB #</Process><Process ToolSource="c:\program files (x86)\arcgis\desktop10.6\ArcToolbox\Toolboxes\Data Management Tools.tbx\CalculateField" Date="20200207" Time="104507">CalculateField ptn_plot_40120202 All [Allot_Ar] VB #</Process><Process ToolSource="c:\program files (x86)\arcgis\desktop10.6\ArcToolbox\Toolboxes\Data Management Tools.tbx\CalculateField" Date="20200207" Time="104633">CalculateField ptn_plot_40120202 diff "[Poss_Ar] -[Allot_Ar]" VB #</Process><Process ToolSource="c:\program files (x86)\arcgis\desktop10.6\ArcToolbox\Toolboxes\Data Management Tools.tbx\CalculateField" Date="20200207" Time="111011">CalculateField ptn_plot_40120202 All [Allot_Ar] VB #</Process><Process ToolSource="c:\program files (x86)\arcgis\desktop10.6\ArcToolbox\Toolboxes\Data Management Tools.tbx\CalculateField" Date="20200207" Time="111126">CalculateField ptn_plot_40120202 dif "[Allot_Ar]- [Poss_Ar]" VB #</Process><Process ToolSource="c:\program files (x86)\arcgis\desktop10.6\ArcToolbox\Toolboxes\Data Management Tools.tbx\CalculateField" Date="20200207" Time="111543">CalculateField ptn_plot_40120202 Poss [Poss_Ar] VB #</Process><Process ToolSource="c:\program files (x86)\arcgis\desktop10.6\ArcToolbox\Toolboxes\Data Management Tools.tbx\CalculateField" Date="20200207" Time="111610">CalculateField ptn_plot_40120202 dif "[All]- [Poss]" VB #</Process><Process ToolSource="c:\program files (x86)\arcgis\desktop10.6\ArcToolbox\Toolboxes\Data Management Tools.tbx\CalculateField" Date="20200207" Time="134414">CalculateField ptn_plot_40120202 All [Allot_Ar] VB #</Process><Process ToolSource="c:\program files (x86)\arcgis\desktop10.6\ArcToolbox\Toolboxes\Data Management Tools.tbx\CalculateField" Date="20200207" Time="134425">CalculateField ptn_plot_40120202 All [Allot_Ar] VB #</Process><Process ToolSource="c:\program files (x86)\arcgis\desktop10.6\ArcToolbox\Toolboxes\Data Management Tools.tbx\CalculateField" Date="20200207" Time="134451">CalculateField ptn_plot_40120202 Poss [Poss_Ar] VB #</Process><Process ToolSource="c:\program files (x86)\arcgis\desktop10.6\ArcToolbox\Toolboxes\Data Management Tools.tbx\CalculateField" Date="20200207" Time="134632">CalculateField ptn_plot_40120202 Allot_Ar [All] VB #</Process><Process ToolSource="c:\program files (x86)\arcgis\desktop10.6\ArcToolbox\Toolboxes\Data Management Tools.tbx\CalculateField" Date="20200207" Time="134744">CalculateField ptn_plot_40120202 Poss_Ar [Poss] VB #</Process><Process ToolSource="c:\program files (x86)\arcgis\desktop10.6\ArcToolbox\Toolboxes\Data Management Tools.tbx\CalculateField" Date="20200207" Time="134924">CalculateField ptn_plot_40120202 DifPoAl_Ar "[Poss_Ar]- [Allot_Ar]" VB #</Process><Process ToolSource="c:\program files (x86)\arcgis\desktop10.6\ArcToolbox\Toolboxes\Data Management Tools.tbx\CalculateField" Date="20200207" Time="135542">CalculateField ptn_plot_40120202 DifSaPo_Ar "[Shape_Area]- [Poss_Ar]" VB #</Process><Process ToolSource="c:\program files (x86)\arcgis\desktop10.6\ArcToolbox\Toolboxes\Data Management Tools.tbx\CalculateField" Date="20200207" Time="135656">CalculateField ptn_plot_40120202 DifAlSa_Ar "[Allot_Ar]- [Shape_Area]" VB #</Process><Process ToolSource="c:\program files (x86)\arcgis\desktop10.6\ArcToolbox\Toolboxes\Data Management Tools.tbx\CopyFeatures" Date="20200229" Time="014441">CopyFeatures Ptn_Plot_Siidcul D:\Door_Step_GIS\GIZ\Final_report_outpit\IIE_PantNagar.mdb\Vector\Ptn_Plot_Siidcul # 0 0 0</Process><Process ToolSource="c:\program files (x86)\arcgis\desktop10.6\ArcToolbox\Toolboxes\Data Management Tools.tbx\CalculateField" Date="20200302" Time="122514">CalculateField Ptn_Plot_Siidcul_02032020 Address [Address_1] VB #</Process><Process ToolSource="c:\program files (x86)\arcgis\desktop10.6\ArcToolbox\Toolboxes\Data Management Tools.tbx\CalculateField" Date="20200302" Time="123230">CalculateField Ptn_Plot_Siidcul_02032020 Agree_CETP [AgreementS] VB #</Process><Process ToolSource="c:\program files (x86)\arcgis\desktop10.6\ArcToolbox\Toolboxes\Data Management Tools.tbx\CalculateField" Date="20200302" Time="151024">CalculateField Ptn_Plot_Siidcul_02032020 Possession [Poss1] VB #</Process><Process ToolSource="c:\program files (x86)\arcgis\desktop10.6\ArcToolbox\Toolboxes\Data Management Tools.tbx\CopyFeatures" Date="20200306" Time="130137">CopyFeatures Ptn_Plot_Siidcul_02032020 "D:\Door_Step_GIS\GIZ\Final_report_outpit\GIZ_Final Report\Revised_IIE_Pantnagar.mdb\Vector\Ptn_Plot_Siidcul_02032020" # 0 0 0</Process></lineage><itemProps><itemName Sync="TRUE">Ptn_Plot_Siidcul_02032020</itemName><imsContentType Sync="TRUE">002</imsContentType><itemLocation><linkage Sync="TRUE">file://\\HARI\D$\Door_Step_GIS\GIZ\Final_report_outpit\GIZ_Final Report\Revised_IIE_Pantnagar.mdb</linkage><protocol Sync="TRUE">Local Area Network</protocol></itemLocation><itemSize Sync="TRUE">0.000</itemSize></itemProps><coordRef><type Sync="TRUE">Projected</type><geogcsn Sync="TRUE">GCS_WGS_1984</geogcsn><csUnits Sync="TRUE">Linear Unit: Meter (1.000000)</csUnits><projcsn Sync="TRUE">WGS_1984_UTM_Zone_44N</projcsn><peXml Sync="TRUE">&lt;ProjectedCoordinateSystem xsi:type='typens:ProjectedCoordinateSystem' xmlns:xsi='http://www.w3.org/2001/XMLSchema-instance' xmlns:xs='http://www.w3.org/2001/XMLSchema' xmlns:typens='http://www.esri.com/schemas/ArcGIS/10.6'&gt;&lt;WKT&gt;PROJCS[&amp;quot;WGS_1984_UTM_Zone_44N&amp;quot;,GEOGCS[&amp;quot;GCS_WGS_1984&amp;quot;,DATUM[&amp;quot;D_WGS_1984&amp;quot;,SPHEROID[&amp;quot;WGS_1984&amp;quot;,6378137.0,298.257223563]],PRIMEM[&amp;quot;Greenwich&amp;quot;,0.0],UNIT[&amp;quot;Degree&amp;quot;,0.0174532925199433]],PROJECTION[&amp;quot;Transverse_Mercator&amp;quot;],PARAMETER[&amp;quot;False_Easting&amp;quot;,500000.0],PARAMETER[&amp;quot;False_Northing&amp;quot;,0.0],PARAMETER[&amp;quot;Central_Meridian&amp;quot;,81.0],PARAMETER[&amp;quot;Scale_Factor&amp;quot;,0.9996],PARAMETER[&amp;quot;Latitude_Of_Origin&amp;quot;,0.0],UNIT[&amp;quot;Meter&amp;quot;,1.0],AUTHORITY[&amp;quot;EPSG&amp;quot;,32644]]&lt;/WKT&gt;&lt;XOrigin&gt;-5120900&lt;/XOrigin&gt;&lt;YOrigin&gt;-9998100&lt;/YOrigin&gt;&lt;XYScale&gt;10000&lt;/XYScale&gt;&lt;ZOrigin&gt;-100000&lt;/ZOrigin&gt;&lt;ZScale&gt;10000&lt;/ZScale&gt;&lt;MOrigin&gt;-100000&lt;/MOrigin&gt;&lt;MScale&gt;10000&lt;/MScale&gt;&lt;XYTolerance&gt;0.001&lt;/XYTolerance&gt;&lt;ZTolerance&gt;0.001&lt;/ZTolerance&gt;&lt;MTolerance&gt;0.001&lt;/MTolerance&gt;&lt;HighPrecision&gt;true&lt;/HighPrecision&gt;&lt;WKID&gt;32644&lt;/WKID&gt;&lt;LatestWKID&gt;32644&lt;/LatestWKID&gt;&lt;/ProjectedCoordinateSystem&gt;</peXml></coordRef></DataProperties><SyncDate>20200306</SyncDate><SyncTime>13013600</SyncTime><ModDate>20200306</ModDate><ModTime>13013600</ModTime></Esri><dataIdInfo><envirDesc Sync="TRUE"> Version 6.2 (Build 9200) ; Esri ArcGIS 10.6.0.8321</envirDesc><dataLang><languageCode value="eng" Sync="TRUE"></languageCode><countryCode value="GBR" Sync="TRUE"></countryCode></dataLang><idCitation><resTitle Sync="TRUE">Ptn_Plot_Siidcul_02032020</resTitle><presForm><PresFormCd value="005" Sync="TRUE"></PresFormCd></presForm></idCitation><spatRpType><SpatRepTypCd value="001" Sync="TRUE"></SpatRepTypCd></spatRpType></dataIdInfo><mdLang><languageCode value="eng" Sync="TRUE"></languageCode><countryCode value="GBR" Sync="TRUE"></countryCode></mdLang><distInfo><distFormat><formatName Sync="TRUE">Personal GeoDatabase Feature Class</formatName></distFormat><distTranOps><transSize Sync="TRUE">0.000</transSize></distTranOps></distInfo><mdHrLv><ScopeCd value="005" Sync="TRUE"></ScopeCd></mdHrLv><mdHrLvName Sync="TRUE">dataset</mdHrLvName><refSysInfo><RefSystem><refSysID><identCode code="32644" Sync="TRUE"></identCode><idCodeSpace Sync="TRUE">EPSG</idCodeSpace><idVersion Sync="TRUE">2.1(3.0.1)</idVersion></refSysID></RefSystem></refSysInfo><spatRepInfo><VectSpatRep><geometObjs Name="Ptn_Plot_Siidcul_02032020"><geoObjTyp><GeoObjTypCd value="002" Sync="TRUE"></GeoObjTypCd></geoObjTyp><geoObjCnt Sync="TRUE">0</geoObjCnt></geometObjs><topLvl><TopoLevCd value="001" Sync="TRUE"></TopoLevCd></topLvl></VectSpatRep></spatRepInfo><spdoinfo><ptvctinf><esriterm Name="Ptn_Plot_Siidcul_02032020"><efeatyp Sync="TRUE">Simple</efeatyp><efeageom code="4" Sync="TRUE"></efeageom><esritopo Sync="TRUE">FALSE</esritopo><efeacnt Sync="TRUE">0</efeacnt><spindex Sync="TRUE">TRUE</spindex><linrefer Sync="TRUE">FALSE</linrefer></esriterm></ptvctinf></spdoinfo><eainfo><detailed Name="Ptn_Plot_Siidcul_02032020"><enttyp><enttypl Sync="TRUE">Ptn_Plot_Siidcul_02032020</enttypl><enttypt Sync="TRUE">Feature Class</enttypt><enttypc Sync="TRUE">0</enttypc></enttyp><attr><attrlabl Sync="TRUE">OBJECTID_1</attrlabl><attalias Sync="TRUE">FID</attalias><attrtype Sync="TRUE">OID</attrtype><attwidth Sync="TRUE">4</attwidth><atprecis Sync="TRUE">0</atprecis><attscale Sync="TRUE">0</attscale><attrdef Sync="TRUE">Internal feature number.</attrdef><attrdefs Sync="TRUE">Esri</attrdefs><attrdomv><udom Sync="TRUE">Sequential unique whole numbers that are automatically generated.</udom></attrdomv></attr><attr><attrlabl Sync="TRUE">Shape</attrlabl><attalias Sync="TRUE">Shape</attalias><attrtype Sync="TRUE">Geometry</attrtype><attwidth Sync="TRUE">0</attwidth><atprecis Sync="TRUE">0</atprecis><attscale Sync="TRUE">0</attscale><attrdef Sync="TRUE">Feature geometry.</attrdef><attrdefs Sync="TRUE">Esri</attrdefs><attrdomv><udom Sync="TRUE">Coordinates defining the features.</udom></attrdomv></attr><attr><attrlabl Sync="TRUE">OBJECTID</attrlabl><attalias Sync="TRUE">OBJECTID</attalias><attrtype Sync="TRUE">Integer</attrtype><attwidth Sync="TRUE">4</attwidth><atprecis Sync="TRUE">0</atprecis><attscale Sync="TRUE">0</attscale></attr><attr><attrlabl Sync="TRUE">Poss_Ar</attrlabl><attalias Sync="TRUE">Poss_Ar</attalias><attrtype Sync="TRUE">Single</attrtype><attwidth Sync="TRUE">4</attwidth><atprecis Sync="TRUE">0</atprecis><attscale Sync="TRUE">0</attscale></attr><attr><attrlabl Sync="TRUE">Plot_no</attrlabl><attalias Sync="TRUE">Plot_No</attalias><attrtype Sync="TRUE">String</attrtype><attwidth Sync="TRUE">40</attwidth><atprecis Sync="TRUE">0</atprecis><attscale Sync="TRUE">0</attscale></attr><attr><attrlabl Sync="TRUE">Indst_Deta</attrlabl><attalias Sync="TRUE">Indst_Deta</attalias><attrtype Sync="TRUE">String</attrtype><attwidth Sync="TRUE">254</attwidth><atprecis Sync="TRUE">0</atprecis><attscale Sync="TRUE">0</attscale></attr><attr><attrlabl Sync="TRUE">Allot_Ar</attrlabl><attalias Sync="TRUE">Allot_Ar</attalias><attrtype Sync="TRUE">Single</attrtype><attwidth Sync="TRUE">4</attwidth><atprecis Sync="TRUE">0</atprecis><attscale Sync="TRUE">0</attscale></attr><attr><attrlabl Sync="TRUE">Prop_Prod</attrlabl><attalias Sync="TRUE">Prop_Prod</attalias><attrtype Sync="TRUE">String</attrtype><attwidth Sync="TRUE">254</attwidth><atprecis Sync="TRUE">0</atprecis><attscale Sync="TRUE">0</attscale></attr><attr><attrlabl Sync="TRUE">UID</attrlabl><attalias Sync="TRUE">UID</attalias><attrtype Sync="TRUE">String</attrtype><attwidth Sync="TRUE">30</attwidth><atprecis Sync="TRUE">0</atprecis><attscale Sync="TRUE">0</attscale></attr><attr><attrlabl Sync="TRUE">Prop_Invs</attrlabl><attalias Sync="TRUE">Prop_Invs</attalias><attrtype Sync="TRUE">Double</attrtype><attwidth Sync="TRUE">8</attwidth><atprecis Sync="TRUE">0</atprecis><attscale Sync="TRUE">0</attscale></attr><attr><attrlabl Sync="TRUE">Allot_Date</attrlabl><attalias Sync="TRUE">Allot_Date</attalias><attrtype Sync="TRUE">Date</attrtype><attwidth Sync="TRUE">8</attwidth><atprecis Sync="TRUE">0</atprecis><attscale Sync="TRUE">0</attscale></attr><attr><attrlabl Sync="TRUE">DifAlSa_Ar</attrlabl><attalias Sync="TRUE">DifAlSa_Ar</attalias><attrtype Sync="TRUE">Single</attrtype><attwidth Sync="TRUE">4</attwidth><atprecis Sync="TRUE">0</atprecis><attscale Sync="TRUE">0</attscale></attr><attr><attrlabl Sync="TRUE">Lease_Deed</attrlabl><attalias Sync="TRUE">Lease_Deed</attalias><attrtype Sync="TRUE">String</attrtype><attwidth Sync="TRUE">254</attwidth><atprecis Sync="TRUE">0</atprecis><attscale Sync="TRUE">0</attscale></attr><attr><attrlabl Sync="TRUE">Indus_Type</attrlabl><attalias Sync="TRUE">Indus_Type</attalias><attrtype Sync="TRUE">String</attrtype><attwidth Sync="TRUE">30</attwidth><atprecis Sync="TRUE">0</atprecis><attscale Sync="TRUE">0</attscale></attr><attr><attrlabl Sync="TRUE">Allote_Na</attrlabl><attalias Sync="TRUE">Allote_Na</attalias><attrtype Sync="TRUE">String</attrtype><attwidth Sync="TRUE">50</attwidth><atprecis Sync="TRUE">0</atprecis><attscale Sync="TRUE">0</attscale></attr><attr><attrlabl Sync="TRUE">Comment</attrlabl><attalias Sync="TRUE">Comment</attalias><attrtype Sync="TRUE">String</attrtype><attwidth Sync="TRUE">254</attwidth><atprecis Sync="TRUE">0</atprecis><attscale Sync="TRUE">0</attscale></attr><attr><attrlabl Sync="TRUE">PlotMS</attrlabl><attalias Sync="TRUE">PlotMS</attalias><attrtype Sync="TRUE">String</attrtype><attwidth Sync="TRUE">30</attwidth><atprecis Sync="TRUE">0</atprecis><attscale Sync="TRUE">0</attscale></attr><attr><attrlabl Sync="TRUE">Status</attrlabl><attalias Sync="TRUE">Status</attalias><attrtype Sync="TRUE">String</attrtype><attwidth Sync="TRUE">30</attwidth><atprecis Sync="TRUE">0</atprecis><attscale Sync="TRUE">0</attscale></attr><attr><attrlabl Sync="TRUE">Prod_Cap</attrlabl><attalias Sync="TRUE">Prod_Cap</attalias><attrtype Sync="TRUE">String</attrtype><attwidth Sync="TRUE">200</attwidth><atprecis Sync="TRUE">0</atprecis><attscale Sync="TRUE">0</attscale></attr><attr><attrlabl Sync="TRUE">Status_Dt</attrlabl><attalias Sync="TRUE">Status_Dt</attalias><attrtype Sync="TRUE">String</attrtype><attwidth Sync="TRUE">15</attwidth><atprecis Sync="TRUE">0</atprecis><attscale Sync="TRUE">0</attscale></attr><attr><attrlabl Sync="TRUE">Occupancy</attrlabl><attalias Sync="TRUE">Occupancy</attalias><attrtype Sync="TRUE">String</attrtype><attwidth Sync="TRUE">5</attwidth><atprecis Sync="TRUE">0</atprecis><attscale Sync="TRUE">0</attscale></attr><attr><attrlabl Sync="TRUE">Waste_Wt_G</attrlabl><attalias Sync="TRUE">Waste_Wt_G</attalias><attrtype Sync="TRUE">Single</attrtype><attwidth Sync="TRUE">4</attwidth><atprecis Sync="TRUE">0</atprecis><attscale Sync="TRUE">0</attscale></attr><attr><attrlabl Sync="TRUE">DifSaPo_Ar</attrlabl><attalias Sync="TRUE">DifSaPo_Ar</attalias><attrtype Sync="TRUE">Single</attrtype><attwidth Sync="TRUE">4</attwidth><atprecis Sync="TRUE">0</atprecis><attscale Sync="TRUE">0</attscale></attr><attr><attrlabl Sync="TRUE">Water_Cons</attrlabl><attalias Sync="TRUE">Water_Cons</attalias><attrtype Sync="TRUE">Single</attrtype><attwidth Sync="TRUE">4</attwidth><atprecis Sync="TRUE">0</atprecis><attscale Sync="TRUE">0</attscale></attr><attr><attrlabl Sync="TRUE">Extn_Date</attrlabl><attalias Sync="TRUE">Extn_Date</attalias><attrtype Sync="TRUE">String</attrtype><attwidth Sync="TRUE">30</attwidth><atprecis Sync="TRUE">0</atprecis><attscale Sync="TRUE">0</attscale></attr><attr><attrlabl Sync="TRUE">Nature_Ind</attrlabl><attalias Sync="TRUE">Nature_Ind</attalias><attrtype Sync="TRUE">String</attrtype><attwidth Sync="TRUE">50</attwidth><atprecis Sync="TRUE">0</atprecis><attscale Sync="TRUE">0</attscale></attr><attr><attrlabl Sync="TRUE">DifPoAl_Ar</attrlabl><attalias Sync="TRUE">DifPoAl_Ar</attalias><attrtype Sync="TRUE">Single</attrtype><attwidth Sync="TRUE">4</attwidth><atprecis Sync="TRUE">0</atprecis><attscale Sync="TRUE">0</attscale></attr><attr><attrlabl Sync="TRUE">Constitutn</attrlabl><attalias Sync="TRUE">Constitutn</attalias><attrtype Sync="TRUE">String</attrtype><attwidth Sync="TRUE">30</attwidth><atprecis Sync="TRUE">0</atprecis><attscale Sync="TRUE">0</attscale></attr><attr><attrlabl Sync="TRUE">Shape_Leng</attrlabl><attalias Sync="TRUE">Shape_Leng</attalias><attrtype Sync="TRUE">Double</attrtype><attwidth Sync="TRUE">8</attwidth><atprecis Sync="TRUE">0</atprecis><attscale Sync="TRUE">0</attscale></attr><attr><attrlabl Sync="TRUE">Remarks</attrlabl><attalias Sync="TRUE">Remarks</attalias><attrtype Sync="TRUE">String</attrtype><attwidth Sync="TRUE">254</attwidth><atprecis Sync="TRUE">0</atprecis><attscale Sync="TRUE">0</attscale></attr><attr><attrlabl Sync="TRUE">Plot_Area</attrlabl><attalias Sync="TRUE">Plot_Area</attalias><attrtype Sync="TRUE">Integer</attrtype><attwidth Sync="TRUE">4</attwidth><atprecis Sync="TRUE">0</atprecis><attscale Sync="TRUE">0</attscale></attr><attr><attrlabl Sync="TRUE">DifP_AlPo</attrlabl><attalias Sync="TRUE">DifP_AlPo</attalias><attrtype Sync="TRUE">Single</attrtype><attwidth Sync="TRUE">4</attwidth><atprecis Sync="TRUE">0</atprecis><attscale Sync="TRUE">0</attscale></attr><attr><attrlabl Sync="TRUE">WC_G</attrlabl><attalias Sync="TRUE">WC_G</attalias><attrtype Sync="TRUE">Single</attrtype><attwidth Sync="TRUE">4</attwidth><atprecis Sync="TRUE">0</atprecis><attscale Sync="TRUE">0</attscale></attr><attr><attrlabl Sync="TRUE">Lease_Due</attrlabl><attalias Sync="TRUE">Lease_Due</attalias><attrtype Sync="TRUE">Date</attrtype><attwidth Sync="TRUE">8</attwidth><atprecis Sync="TRUE">0</atprecis><attscale Sync="TRUE">0</attscale></attr><attr><attrlabl Sync="TRUE">Address_1</attrlabl><attalias Sync="TRUE">Address_1</attalias><attrtype Sync="TRUE">String</attrtype><attwidth Sync="TRUE">254</attwidth><atprecis Sync="TRUE">0</atprecis><attscale Sync="TRUE">0</attscale></attr><attr><attrlabl Sync="TRUE">AgreementS</attrlabl><attalias Sync="TRUE">AgreementS</attalias><attrtype Sync="TRUE">String</attrtype><attwidth Sync="TRUE">254</attwidth><atprecis Sync="TRUE">0</atprecis><attscale Sync="TRUE">0</attscale></attr><attr><attrlabl Sync="TRUE">Shape_Area</attrlabl><attalias Sync="TRUE">Shape_Area</attalias><attrtype Sync="TRUE">Double</attrtype><attwidth Sync="TRUE">8</attwidth><atprecis Sync="TRUE">0</atprecis><attscale Sync="TRUE">0</attscale><attrdef Sync="TRUE">Area of feature in internal units squared.</attrdef><attrdefs Sync="TRUE">Esri</attrdefs><attrdomv><udom Sync="TRUE">Positive real numbers that are automatically generated.</udom></attrdomv></attr><attr><attrlabl Sync="TRUE">Sec_No</attrlabl><attalias Sync="TRUE">Sec_No</attalias><attrtype Sync="TRUE">String</attrtype><attwidth Sync="TRUE">10</attwidth><atprecis Sync="TRUE">0</atprecis><attscale Sync="TRUE">0</attscale></attr><attr><attrlabl Sync="TRUE">Plt_Status</attrlabl><attalias Sync="TRUE">Plt_Status</attalias><attrtype Sync="TRUE">String</attrtype><attwidth Sync="TRUE">20</attwidth><atprecis Sync="TRUE">0</atprecis><attscale Sync="TRUE">0</attscale></attr><attr><attrlabl Sync="TRUE">Lease_Date</attrlabl><attalias Sync="TRUE">Lease_Date</attalias><attrtype Sync="TRUE">Date</attrtype><attwidth Sync="TRUE">8</attwidth><atprecis Sync="TRUE">0</atprecis><attscale Sync="TRUE">0</attscale></attr><attr><attrlabl Sync="TRUE">Poss_Date</attrlabl><attalias Sync="TRUE">Poss_Date</attalias><attrtype Sync="TRUE">Date</attrtype><attwidth Sync="TRUE">8</attwidth><atprecis Sync="TRUE">0</atprecis><attscale Sync="TRUE">0</attscale></attr><attr><attrlabl Sync="TRUE">PCB_Categ</attrlabl><attalias Sync="TRUE">PCB_Categ</attalias><attrtype Sync="TRUE">String</attrtype><attwidth Sync="TRUE">10</attwidth><atprecis Sync="TRUE">0</atprecis><attscale Sync="TRUE">0</attscale></attr><attr><attrlabl Sync="TRUE">Wom_Emp</attrlabl><attalias Sync="TRUE">Wom_Emp</attalias><attrtype Sync="TRUE">Integer</attrtype><attwidth Sync="TRUE">4</attwidth><atprecis Sync="TRUE">0</atprecis><attscale Sync="TRUE">0</attscale></attr><attr><attrlabl Sync="TRUE">CH_involve</attrlabl><attalias Sync="TRUE">CH_involve</attalias><attrtype Sync="TRUE">String</attrtype><attwidth Sync="TRUE">5</attwidth><atprecis Sync="TRUE">0</atprecis><attscale Sync="TRUE">0</attscale></attr><attr><attrlabl Sync="TRUE">CETP_Conn</attrlabl><attalias Sync="TRUE">CETP_Conn</attalias><attrtype Sync="TRUE">String</attrtype><attwidth Sync="TRUE">10</attwidth><atprecis Sync="TRUE">0</atprecis><attscale Sync="TRUE">0</attscale></attr><attr><attrlabl Sync="TRUE">PCB_Reg</attrlabl><attalias Sync="TRUE">PCB_Reg</attalias><attrtype Sync="TRUE">String</attrtype><attwidth Sync="TRUE">5</attwidth><atprecis Sync="TRUE">0</atprecis><attscale Sync="TRUE">0</attscale></attr><attr><attrlabl Sync="TRUE">PCB_Id</attrlabl><attalias Sync="TRUE">PCB_Id</attalias><attrtype Sync="TRUE">String</attrtype><attwidth Sync="TRUE">30</attwidth><atprecis Sync="TRUE">0</atprecis><attscale Sync="TRUE">0</attscale></attr><attr><attrlabl Sync="TRUE">Mobile</attrlabl><attalias Sync="TRUE">Mobile</attalias><attrtype Sync="TRUE">String</attrtype><attwidth Sync="TRUE">50</attwidth><atprecis Sync="TRUE">0</atprecis><attscale Sync="TRUE">0</attscale></attr><attr><attrlabl Sync="TRUE">Email_Id</attrlabl><attalias Sync="TRUE">Email_Id</attalias><attrtype Sync="TRUE">String</attrtype><attwidth Sync="TRUE">70</attwidth><atprecis Sync="TRUE">0</atprecis><attscale Sync="TRUE">0</attscale></attr><attr><attrlabl Sync="TRUE">Address</attrlabl><attalias Sync="TRUE">Address</attalias><attrtype Sync="TRUE">String</attrtype><attwidth Sync="TRUE">50</attwidth><atprecis Sync="TRUE">0</atprecis><attscale Sync="TRUE">0</attscale></attr><attr><attrlabl Sync="TRUE">Agree_CETP</attrlabl><attalias Sync="TRUE">Agree_CETP</attalias><attrtype Sync="TRUE">String</attrtype><attwidth Sync="TRUE">20</attwidth><atprecis Sync="TRUE">0</atprecis><attscale Sync="TRUE">0</attscale></attr><attr><attrlabl Sync="TRUE">Possession</attrlabl><attalias Sync="TRUE">Possession</attalias><attrtype Sync="TRUE">String</attrtype><attwidth Sync="TRUE">5</attwidth><atprecis Sync="TRUE">0</atprecis><attscale Sync="TRUE">0</attscale></attr><attr><attrlabl Sync="TRUE">Shape_Length</attrlabl><attalias Sync="TRUE">Shape_Length</attalias><attrtype Sync="TRUE">Double</attrtype><attwidth Sync="TRUE">8</attwidth><atprecis Sync="TRUE">0</atprecis><attscale Sync="TRUE">0</attscale><attrdef Sync="TRUE">Length of feature in internal units.</attrdef><attrdefs Sync="TRUE">Esri</attrdefs><attrdomv><udom Sync="TRUE">Positive real numbers that are automatically generated.</udom></attrdomv></attr><attr><attrlabl Sync="TRUE">DifLe_Alda</attrlabl><attalias Sync="TRUE">DifLe_Alda</attalias><attrtype Sync="TRUE">Integer</attrtype><attwidth Sync="TRUE">4</attwidth><atprecis Sync="TRUE">0</atprecis><attscale Sync="TRUE">0</attscale></attr></detailed></eainfo><mdDateSt Sync="TRUE">20200306</mdDateSt></metadata>
