<?xml version="1.0" encoding="UTF-8"?>
<metadata xml:lang="en"><Esri><CreaDate>20201008</CreaDate><CreaTime>20234500</CreaTime><ArcGISFormat>1.0</ArcGISFormat><SyncOnce>TRUE</SyncOnce><DataProperties><lineage><Process ToolSource="c:\program files (x86)\arcgis\desktop10.6\ArcToolbox\Toolboxes\Data Management Tools.tbx\CalculateField" Date="20201008" Time="202345">CalculateField IT_Park_Plot1 plotno [Plot_No] VB #</Process><Process ToolSource="c:\program files (x86)\arcgis\desktop10.5\ArcToolbox\Toolboxes\Data Management Tools.tbx\CalculateField" Date="20210318" Time="012250">CalculateField IT_Park_Plot1 UID ""ITP_"+ [plotno]" VB #</Process></lineage></DataProperties></Esri></metadata>
