<?xml version="1.0" encoding="UTF-8"?>
<metadata xml:lang="en"><Esri><CreaDate>20210318</CreaDate><CreaTime>01294900</CreaTime><ArcGISFormat>1.0</ArcGISFormat><SyncOnce>TRUE</SyncOnce><DataProperties><lineage><Process ToolSource="c:\program files (x86)\arcgis\desktop10.5\ArcToolbox\Toolboxes\Data Management Tools.tbx\CalculateField" Date="20210318" Time="012949">CalculateField Textile_Park_Jaspur Sector "1" VB #</Process><Process ToolSource="c:\program files (x86)\arcgis\desktop10.5\ArcToolbox\Toolboxes\Data Management Tools.tbx\CalculateField" Date="20210318" Time="012957">CalculateField Textile_Park_Jaspur UID ""TPJ_"+ [Sector] + "_"+ [Plot_No]" VB #</Process></lineage></DataProperties></Esri></metadata>
